,0,Nível Territorial (Código),Nível Territorial,Unidade de Medida (Código),Unidade de Medida,Valor,Grande Região (Código),Grande Região,Trimestre (Código),Trimestre,Variável (Código),Variável
1,1,2,Grande Região,2,%,9.0,1,Norte,201201,1º trimestre 2012,4099,"Taxa de desocupação, na semana de referência, das pessoas de 14 anos ou mais de idade"
2,2,2,Grande Região,2,%,8.3,1,Norte,201202,2º trimestre 2012,4099,"Taxa de desocupação, na semana de referência, das pessoas de 14 anos ou mais de idade"
3,3,2,Grande Região,2,%,7.9,1,Norte,201203,3º trimestre 2012,4099,"Taxa de desocupação, na semana de referência, das pessoas de 14 anos ou mais de idade"
4,4,2,Grande Região,2,%,7.4,1,Norte,201204,4º trimestre 2012,4099,"Taxa de desocupação, na semana de referência, das pessoas de 14 anos ou mais de idade"
5,5,2,Grande Região,2,%,8.7,1,Norte,201301,1º trimestre 2013,4099,"Taxa de desocupação, na semana de referência, das pessoas de 14 anos ou mais de idade"
6,6,2,Grande Região,2,%,8.4,1,Norte,201302,2º trimestre 2013,4099,"Taxa de desocupação, na semana de referência, das pessoas de 14 anos ou mais de idade"
7,7,2,Grande Região,2,%,7.6,1,Norte,201303,3º trimestre 2013,4099,"Taxa de desocupação, na semana de referência, das pessoas de 14 anos ou mais de idade"
8,8,2,Grande Região,2,%,6.6,1,Norte,201304,4º trimestre 2013,4099,"Taxa de desocupação, na semana de referência, das pessoas de 14 anos ou mais de idade"
9,9,2,Grande Região,2,%,7.9,1,Norte,201401,1º trimestre 2014,4099,"Taxa de desocupação, na semana de referência, das pessoas de 14 anos ou mais de idade"
10,10,2,Grande Região,2,%,7.4,1,Norte,201402,2º trimestre 2014,4099,"Taxa de desocupação, na semana de referência, das pessoas de 14 anos ou mais de idade"
11,11,2,Grande Região,2,%,7.0,1,Norte,201403,3º trimestre 2014,4099,"Taxa de desocupação, na semana de referência, das pessoas de 14 anos ou mais de idade"
12,12,2,Grande Região,2,%,6.9,1,Norte,201404,4º trimestre 2014,4099,"Taxa de desocupação, na semana de referência, das pessoas de 14 anos ou mais de idade"
13,13,2,Grande Região,2,%,8.8,1,Norte,201501,1º trimestre 2015,4099,"Taxa de desocupação, na semana de referência, das pessoas de 14 anos ou mais de idade"
14,14,2,Grande Região,2,%,8.7,1,Norte,201502,2º trimestre 2015,4099,"Taxa de desocupação, na semana de referência, das pessoas de 14 anos ou mais de idade"
15,15,2,Grande Região,2,%,9.0,1,Norte,201503,3º trimestre 2015,4099,"Taxa de desocupação, na semana de referência, das pessoas de 14 anos ou mais de idade"
16,16,2,Grande Região,2,%,8.8,1,Norte,201504,4º trimestre 2015,4099,"Taxa de desocupação, na semana de referência, das pessoas de 14 anos ou mais de idade"
17,17,2,Grande Região,2,%,10.7,1,Norte,201601,1º trimestre 2016,4099,"Taxa de desocupação, na semana de referência, das pessoas de 14 anos ou mais de idade"
18,18,2,Grande Região,2,%,11.4,1,Norte,201602,2º trimestre 2016,4099,"Taxa de desocupação, na semana de referência, das pessoas de 14 anos ou mais de idade"
19,19,2,Grande Região,2,%,11.6,1,Norte,201603,3º trimestre 2016,4099,"Taxa de desocupação, na semana de referência, das pessoas de 14 anos ou mais de idade"
20,20,2,Grande Região,2,%,12.9,1,Norte,201604,4º trimestre 2016,4099,"Taxa de desocupação, na semana de referência, das pessoas de 14 anos ou mais de idade"
21,21,2,Grande Região,2,%,14.4,1,Norte,201701,1º trimestre 2017,4099,"Taxa de desocupação, na semana de referência, das pessoas de 14 anos ou mais de idade"
22,22,2,Grande Região,2,%,12.6,1,Norte,201702,2º trimestre 2017,4099,"Taxa de desocupação, na semana de referência, das pessoas de 14 anos ou mais de idade"
23,23,2,Grande Região,2,%,12.4,1,Norte,201703,3º trimestre 2017,4099,"Taxa de desocupação, na semana de referência, das pessoas de 14 anos ou mais de idade"
24,24,2,Grande Região,2,%,11.4,1,Norte,201704,4º trimestre 2017,4099,"Taxa de desocupação, na semana de referência, das pessoas de 14 anos ou mais de idade"
25,25,2,Grande Região,2,%,12.9,1,Norte,201801,1º trimestre 2018,4099,"Taxa de desocupação, na semana de referência, das pessoas de 14 anos ou mais de idade"
26,26,2,Grande Região,2,%,12.2,1,Norte,201802,2º trimestre 2018,4099,"Taxa de desocupação, na semana de referência, das pessoas de 14 anos ou mais de idade"
27,27,2,Grande Região,2,%,11.7,1,Norte,201803,3º trimestre 2018,4099,"Taxa de desocupação, na semana de referência, das pessoas de 14 anos ou mais de idade"
28,28,2,Grande Região,2,%,11.8,1,Norte,201804,4º trimestre 2018,4099,"Taxa de desocupação, na semana de referência, das pessoas de 14 anos ou mais de idade"
29,29,2,Grande Região,2,%,13.2,1,Norte,201901,1º trimestre 2019,4099,"Taxa de desocupação, na semana de referência, das pessoas de 14 anos ou mais de idade"
30,30,2,Grande Região,2,%,12.0,1,Norte,201902,2º trimestre 2019,4099,"Taxa de desocupação, na semana de referência, das pessoas de 14 anos ou mais de idade"
31,31,2,Grande Região,2,%,11.9,1,Norte,201903,3º trimestre 2019,4099,"Taxa de desocupação, na semana de referência, das pessoas de 14 anos ou mais de idade"
32,32,2,Grande Região,2,%,10.7,1,Norte,201904,4º trimestre 2019,4099,"Taxa de desocupação, na semana de referência, das pessoas de 14 anos ou mais de idade"
33,33,2,Grande Região,2,%,12.1,1,Norte,202001,1º trimestre 2020,4099,"Taxa de desocupação, na semana de referência, das pessoas de 14 anos ou mais de idade"
34,34,2,Grande Região,2,%,12.0,1,Norte,202002,2º trimestre 2020,4099,"Taxa de desocupação, na semana de referência, das pessoas de 14 anos ou mais de idade"
35,35,2,Grande Região,2,%,13.3,1,Norte,202003,3º trimestre 2020,4099,"Taxa de desocupação, na semana de referência, das pessoas de 14 anos ou mais de idade"
36,36,2,Grande Região,2,%,12.6,1,Norte,202004,4º trimestre 2020,4099,"Taxa de desocupação, na semana de referência, das pessoas de 14 anos ou mais de idade"
37,37,2,Grande Região,2,%,15.0,1,Norte,202101,1º trimestre 2021,4099,"Taxa de desocupação, na semana de referência, das pessoas de 14 anos ou mais de idade"
38,38,2,Grande Região,2,%,14.1,1,Norte,202102,2º trimestre 2021,4099,"Taxa de desocupação, na semana de referência, das pessoas de 14 anos ou mais de idade"
39,39,2,Grande Região,2,%,12.0,1,Norte,202103,3º trimestre 2021,4099,"Taxa de desocupação, na semana de referência, das pessoas de 14 anos ou mais de idade"
40,40,2,Grande Região,2,%,11.2,1,Norte,202104,4º trimestre 2021,4099,"Taxa de desocupação, na semana de referência, das pessoas de 14 anos ou mais de idade"
41,41,2,Grande Região,2,%,11.7,1,Norte,202201,1º trimestre 2022,4099,"Taxa de desocupação, na semana de referência, das pessoas de 14 anos ou mais de idade"
42,42,2,Grande Região,2,%,8.9,1,Norte,202202,2º trimestre 2022,4099,"Taxa de desocupação, na semana de referência, das pessoas de 14 anos ou mais de idade"
43,43,2,Grande Região,2,%,8.2,1,Norte,202203,3º trimestre 2022,4099,"Taxa de desocupação, na semana de referência, das pessoas de 14 anos ou mais de idade"
44,44,2,Grande Região,2,%,8.1,1,Norte,202204,4º trimestre 2022,4099,"Taxa de desocupação, na semana de referência, das pessoas de 14 anos ou mais de idade"
45,45,2,Grande Região,2,%,9.1,1,Norte,202301,1º trimestre 2023,4099,"Taxa de desocupação, na semana de referência, das pessoas de 14 anos ou mais de idade"
46,46,2,Grande Região,2,%,8.1,1,Norte,202302,2º trimestre 2023,4099,"Taxa de desocupação, na semana de referência, das pessoas de 14 anos ou mais de idade"
47,47,2,Grande Região,2,%,7.7,1,Norte,202303,3º trimestre 2023,4099,"Taxa de desocupação, na semana de referência, das pessoas de 14 anos ou mais de idade"
48,48,2,Grande Região,2,%,9.8,2,Nordeste,201201,1º trimestre 2012,4099,"Taxa de desocupação, na semana de referência, das pessoas de 14 anos ou mais de idade"
49,49,2,Grande Região,2,%,9.7,2,Nordeste,201202,2º trimestre 2012,4099,"Taxa de desocupação, na semana de referência, das pessoas de 14 anos ou mais de idade"
50,50,2,Grande Região,2,%,9.4,2,Nordeste,201203,3º trimestre 2012,4099,"Taxa de desocupação, na semana de referência, das pessoas de 14 anos ou mais de idade"
51,51,2,Grande Região,2,%,9.4,2,Nordeste,201204,4º trimestre 2012,4099,"Taxa de desocupação, na semana de referência, das pessoas de 14 anos ou mais de idade"
52,52,2,Grande Região,2,%,11.1,2,Nordeste,201301,1º trimestre 2013,4099,"Taxa de desocupação, na semana de referência, das pessoas de 14 anos ou mais de idade"
53,53,2,Grande Região,2,%,10.1,2,Nordeste,201302,2º trimestre 2013,4099,"Taxa de desocupação, na semana de referência, das pessoas de 14 anos ou mais de idade"
54,54,2,Grande Região,2,%,9.1,2,Nordeste,201303,3º trimestre 2013,4099,"Taxa de desocupação, na semana de referência, das pessoas de 14 anos ou mais de idade"
55,55,2,Grande Região,2,%,8.0,2,Nordeste,201304,4º trimestre 2013,4099,"Taxa de desocupação, na semana de referência, das pessoas de 14 anos ou mais de idade"
56,56,2,Grande Região,2,%,9.4,2,Nordeste,201401,1º trimestre 2014,4099,"Taxa de desocupação, na semana de referência, das pessoas de 14 anos ou mais de idade"
57,57,2,Grande Região,2,%,8.9,2,Nordeste,201402,2º trimestre 2014,4099,"Taxa de desocupação, na semana de referência, das pessoas de 14 anos ou mais de idade"
58,58,2,Grande Região,2,%,8.7,2,Nordeste,201403,3º trimestre 2014,4099,"Taxa de desocupação, na semana de referência, das pessoas de 14 anos ou mais de idade"
59,59,2,Grande Região,2,%,8.3,2,Nordeste,201404,4º trimestre 2014,4099,"Taxa de desocupação, na semana de referência, das pessoas de 14 anos ou mais de idade"
60,60,2,Grande Região,2,%,9.7,2,Nordeste,201501,1º trimestre 2015,4099,"Taxa de desocupação, na semana de referência, das pessoas de 14 anos ou mais de idade"
61,61,2,Grande Região,2,%,10.4,2,Nordeste,201502,2º trimestre 2015,4099,"Taxa de desocupação, na semana de referência, das pessoas de 14 anos ou mais de idade"
62,62,2,Grande Região,2,%,10.9,2,Nordeste,201503,3º trimestre 2015,4099,"Taxa de desocupação, na semana de referência, das pessoas de 14 anos ou mais de idade"
63,63,2,Grande Região,2,%,10.6,2,Nordeste,201504,4º trimestre 2015,4099,"Taxa de desocupação, na semana de referência, das pessoas de 14 anos ou mais de idade"
64,64,2,Grande Região,2,%,13.0,2,Nordeste,201601,1º trimestre 2016,4099,"Taxa de desocupação, na semana de referência, das pessoas de 14 anos ou mais de idade"
65,65,2,Grande Região,2,%,13.4,2,Nordeste,201602,2º trimestre 2016,4099,"Taxa de desocupação, na semana de referência, das pessoas de 14 anos ou mais de idade"
66,66,2,Grande Região,2,%,14.3,2,Nordeste,201603,3º trimestre 2016,4099,"Taxa de desocupação, na semana de referência, das pessoas de 14 anos ou mais de idade"
67,67,2,Grande Região,2,%,14.5,2,Nordeste,201604,4º trimestre 2016,4099,"Taxa de desocupação, na semana de referência, das pessoas de 14 anos ou mais de idade"
68,68,2,Grande Região,2,%,16.4,2,Nordeste,201701,1º trimestre 2017,4099,"Taxa de desocupação, na semana de referência, das pessoas de 14 anos ou mais de idade"
69,69,2,Grande Região,2,%,16.0,2,Nordeste,201702,2º trimestre 2017,4099,"Taxa de desocupação, na semana de referência, das pessoas de 14 anos ou mais de idade"
70,70,2,Grande Região,2,%,15.0,2,Nordeste,201703,3º trimestre 2017,4099,"Taxa de desocupação, na semana de referência, das pessoas de 14 anos ou mais de idade"
71,71,2,Grande Região,2,%,14.0,2,Nordeste,201704,4º trimestre 2017,4099,"Taxa de desocupação, na semana de referência, das pessoas de 14 anos ou mais de idade"
72,72,2,Grande Região,2,%,16.0,2,Nordeste,201801,1º trimestre 2018,4099,"Taxa de desocupação, na semana de referência, das pessoas de 14 anos ou mais de idade"
73,73,2,Grande Região,2,%,15.0,2,Nordeste,201802,2º trimestre 2018,4099,"Taxa de desocupação, na semana de referência, das pessoas de 14 anos ou mais de idade"
74,74,2,Grande Região,2,%,14.6,2,Nordeste,201803,3º trimestre 2018,4099,"Taxa de desocupação, na semana de referência, das pessoas de 14 anos ou mais de idade"
75,75,2,Grande Região,2,%,14.5,2,Nordeste,201804,4º trimestre 2018,4099,"Taxa de desocupação, na semana de referência, das pessoas de 14 anos ou mais de idade"
76,76,2,Grande Região,2,%,15.4,2,Nordeste,201901,1º trimestre 2019,4099,"Taxa de desocupação, na semana de referência, das pessoas de 14 anos ou mais de idade"
77,77,2,Grande Região,2,%,14.8,2,Nordeste,201902,2º trimestre 2019,4099,"Taxa de desocupação, na semana de referência, das pessoas de 14 anos ou mais de idade"
78,78,2,Grande Região,2,%,14.6,2,Nordeste,201903,3º trimestre 2019,4099,"Taxa de desocupação, na semana de referência, das pessoas de 14 anos ou mais de idade"
79,79,2,Grande Região,2,%,13.8,2,Nordeste,201904,4º trimestre 2019,4099,"Taxa de desocupação, na semana de referência, das pessoas de 14 anos ou mais de idade"
80,80,2,Grande Região,2,%,15.8,2,Nordeste,202001,1º trimestre 2020,4099,"Taxa de desocupação, na semana de referência, das pessoas de 14 anos ou mais de idade"
81,81,2,Grande Região,2,%,16.5,2,Nordeste,202002,2º trimestre 2020,4099,"Taxa de desocupação, na semana de referência, das pessoas de 14 anos ou mais de idade"
82,82,2,Grande Região,2,%,18.3,2,Nordeste,202003,3º trimestre 2020,4099,"Taxa de desocupação, na semana de referência, das pessoas de 14 anos ou mais de idade"
83,83,2,Grande Região,2,%,17.6,2,Nordeste,202004,4º trimestre 2020,4099,"Taxa de desocupação, na semana de referência, das pessoas de 14 anos ou mais de idade"
84,84,2,Grande Região,2,%,18.9,2,Nordeste,202101,1º trimestre 2021,4099,"Taxa de desocupação, na semana de referência, das pessoas de 14 anos ou mais de idade"
85,85,2,Grande Região,2,%,18.4,2,Nordeste,202102,2º trimestre 2021,4099,"Taxa de desocupação, na semana de referência, das pessoas de 14 anos ou mais de idade"
86,86,2,Grande Região,2,%,16.4,2,Nordeste,202103,3º trimestre 2021,4099,"Taxa de desocupação, na semana de referência, das pessoas de 14 anos ou mais de idade"
87,87,2,Grande Região,2,%,14.7,2,Nordeste,202104,4º trimestre 2021,4099,"Taxa de desocupação, na semana de referência, das pessoas de 14 anos ou mais de idade"
88,88,2,Grande Região,2,%,14.9,2,Nordeste,202201,1º trimestre 2022,4099,"Taxa de desocupação, na semana de referência, das pessoas de 14 anos ou mais de idade"
89,89,2,Grande Região,2,%,12.7,2,Nordeste,202202,2º trimestre 2022,4099,"Taxa de desocupação, na semana de referência, das pessoas de 14 anos ou mais de idade"
90,90,2,Grande Região,2,%,12.0,2,Nordeste,202203,3º trimestre 2022,4099,"Taxa de desocupação, na semana de referência, das pessoas de 14 anos ou mais de idade"
91,91,2,Grande Região,2,%,10.9,2,Nordeste,202204,4º trimestre 2022,4099,"Taxa de desocupação, na semana de referência, das pessoas de 14 anos ou mais de idade"
92,92,2,Grande Região,2,%,12.2,2,Nordeste,202301,1º trimestre 2023,4099,"Taxa de desocupação, na semana de referência, das pessoas de 14 anos ou mais de idade"
93,93,2,Grande Região,2,%,11.3,2,Nordeste,202302,2º trimestre 2023,4099,"Taxa de desocupação, na semana de referência, das pessoas de 14 anos ou mais de idade"
94,94,2,Grande Região,2,%,10.8,2,Nordeste,202303,3º trimestre 2023,4099,"Taxa de desocupação, na semana de referência, das pessoas de 14 anos ou mais de idade"
95,95,2,Grande Região,2,%,8.0,3,Sudeste,201201,1º trimestre 2012,4099,"Taxa de desocupação, na semana de referência, das pessoas de 14 anos ou mais de idade"
96,96,2,Grande Região,2,%,7.5,3,Sudeste,201202,2º trimestre 2012,4099,"Taxa de desocupação, na semana de referência, das pessoas de 14 anos ou mais de idade"
97,97,2,Grande Região,2,%,6.9,3,Sudeste,201203,3º trimestre 2012,4099,"Taxa de desocupação, na semana de referência, das pessoas de 14 anos ou mais de idade"
98,98,2,Grande Região,2,%,6.7,3,Sudeste,201204,4º trimestre 2012,4099,"Taxa de desocupação, na semana de referência, das pessoas de 14 anos ou mais de idade"
99,99,2,Grande Região,2,%,7.7,3,Sudeste,201301,1º trimestre 2013,4099,"Taxa de desocupação, na semana de referência, das pessoas de 14 anos ou mais de idade"
100,100,2,Grande Região,2,%,7.3,3,Sudeste,201302,2º trimestre 2013,4099,"Taxa de desocupação, na semana de referência, das pessoas de 14 anos ou mais de idade"
101,101,2,Grande Região,2,%,7.1,3,Sudeste,201303,3º trimestre 2013,4099,"Taxa de desocupação, na semana de referência, das pessoas de 14 anos ou mais de idade"
102,102,2,Grande Região,2,%,6.3,3,Sudeste,201304,4º trimestre 2013,4099,"Taxa de desocupação, na semana de referência, das pessoas de 14 anos ou mais de idade"
103,103,2,Grande Região,2,%,7.1,3,Sudeste,201401,1º trimestre 2014,4099,"Taxa de desocupação, na semana de referência, das pessoas de 14 anos ou mais de idade"
104,104,2,Grande Região,2,%,7.0,3,Sudeste,201402,2º trimestre 2014,4099,"Taxa de desocupação, na semana de referência, das pessoas de 14 anos ou mais de idade"
105,105,2,Grande Região,2,%,7.0,3,Sudeste,201403,3º trimestre 2014,4099,"Taxa de desocupação, na semana de referência, das pessoas de 14 anos ou mais de idade"
106,106,2,Grande Região,2,%,6.7,3,Sudeste,201404,4º trimestre 2014,4099,"Taxa de desocupação, na semana de referência, das pessoas de 14 anos ou mais de idade"
107,107,2,Grande Região,2,%,8.1,3,Sudeste,201501,1º trimestre 2015,4099,"Taxa de desocupação, na semana de referência, das pessoas de 14 anos ou mais de idade"
108,108,2,Grande Região,2,%,8.4,3,Sudeste,201502,2º trimestre 2015,4099,"Taxa de desocupação, na semana de referência, das pessoas de 14 anos ou mais de idade"
109,109,2,Grande Região,2,%,9.2,3,Sudeste,201503,3º trimestre 2015,4099,"Taxa de desocupação, na semana de referência, das pessoas de 14 anos ou mais de idade"
110,110,2,Grande Região,2,%,9.7,3,Sudeste,201504,4º trimestre 2015,4099,"Taxa de desocupação, na semana de referência, das pessoas de 14 anos ou mais de idade"
111,111,2,Grande Região,2,%,11.6,3,Sudeste,201601,1º trimestre 2016,4099,"Taxa de desocupação, na semana de referência, das pessoas de 14 anos ou mais de idade"
112,112,2,Grande Região,2,%,11.8,3,Sudeste,201602,2º trimestre 2016,4099,"Taxa de desocupação, na semana de referência, das pessoas de 14 anos ou mais de idade"
113,113,2,Grande Região,2,%,12.4,3,Sudeste,201603,3º trimestre 2016,4099,"Taxa de desocupação, na semana de referência, das pessoas de 14 anos ou mais de idade"
114,114,2,Grande Região,2,%,12.5,3,Sudeste,201604,4º trimestre 2016,4099,"Taxa de desocupação, na semana de referência, das pessoas de 14 anos ou mais de idade"
115,115,2,Grande Região,2,%,14.3,3,Sudeste,201701,1º trimestre 2017,4099,"Taxa de desocupação, na semana de referência, das pessoas de 14 anos ou mais de idade"
116,116,2,Grande Região,2,%,13.7,3,Sudeste,201702,2º trimestre 2017,4099,"Taxa de desocupação, na semana de referência, das pessoas de 14 anos ou mais de idade"
117,117,2,Grande Região,2,%,13.3,3,Sudeste,201703,3º trimestre 2017,4099,"Taxa de desocupação, na semana de referência, das pessoas de 14 anos ou mais de idade"
118,118,2,Grande Região,2,%,12.7,3,Sudeste,201704,4º trimestre 2017,4099,"Taxa de desocupação, na semana de referência, das pessoas de 14 anos ou mais de idade"
119,119,2,Grande Região,2,%,13.9,3,Sudeste,201801,1º trimestre 2018,4099,"Taxa de desocupação, na semana de referência, das pessoas de 14 anos ou mais de idade"
120,120,2,Grande Região,2,%,13.3,3,Sudeste,201802,2º trimestre 2018,4099,"Taxa de desocupação, na semana de referência, das pessoas de 14 anos ou mais de idade"
121,121,2,Grande Região,2,%,12.6,3,Sudeste,201803,3º trimestre 2018,4099,"Taxa de desocupação, na semana de referência, das pessoas de 14 anos ou mais de idade"
122,122,2,Grande Região,2,%,12.3,3,Sudeste,201804,4º trimestre 2018,4099,"Taxa de desocupação, na semana de referência, das pessoas de 14 anos ou mais de idade"
123,123,2,Grande Região,2,%,13.3,3,Sudeste,201901,1º trimestre 2019,4099,"Taxa de desocupação, na semana de referência, das pessoas de 14 anos ou mais de idade"
124,124,2,Grande Região,2,%,12.5,3,Sudeste,201902,2º trimestre 2019,4099,"Taxa de desocupação, na semana de referência, das pessoas de 14 anos ou mais de idade"
125,125,2,Grande Região,2,%,12.0,3,Sudeste,201903,3º trimestre 2019,4099,"Taxa de desocupação, na semana de referência, das pessoas de 14 anos ou mais de idade"
126,126,2,Grande Região,2,%,11.5,3,Sudeste,201904,4º trimestre 2019,4099,"Taxa de desocupação, na semana de referência, das pessoas de 14 anos ou mais de idade"
127,127,2,Grande Região,2,%,12.5,3,Sudeste,202001,1º trimestre 2020,4099,"Taxa de desocupação, na semana de referência, das pessoas de 14 anos ou mais de idade"
128,128,2,Grande Região,2,%,14.2,3,Sudeste,202002,2º trimestre 2020,4099,"Taxa de desocupação, na semana de referência, das pessoas de 14 anos ou mais de idade"
129,129,2,Grande Região,2,%,15.7,3,Sudeste,202003,3º trimestre 2020,4099,"Taxa de desocupação, na semana de referência, das pessoas de 14 anos ou mais de idade"
130,130,2,Grande Região,2,%,15.1,3,Sudeste,202004,4º trimestre 2020,4099,"Taxa de desocupação, na semana de referência, das pessoas de 14 anos ou mais de idade"
131,131,2,Grande Região,2,%,15.3,3,Sudeste,202101,1º trimestre 2021,4099,"Taxa de desocupação, na semana de referência, das pessoas de 14 anos ou mais de idade"
132,132,2,Grande Região,2,%,14.6,3,Sudeste,202102,2º trimestre 2021,4099,"Taxa de desocupação, na semana de referência, das pessoas de 14 anos ou mais de idade"
133,133,2,Grande Região,2,%,13.1,3,Sudeste,202103,3º trimestre 2021,4099,"Taxa de desocupação, na semana de referência, das pessoas de 14 anos ou mais de idade"
134,134,2,Grande Região,2,%,11.2,3,Sudeste,202104,4º trimestre 2021,4099,"Taxa de desocupação, na semana de referência, das pessoas de 14 anos ou mais de idade"
135,135,2,Grande Região,2,%,11.1,3,Sudeste,202201,1º trimestre 2022,4099,"Taxa de desocupação, na semana de referência, das pessoas de 14 anos ou mais de idade"
136,136,2,Grande Região,2,%,9.3,3,Sudeste,202202,2º trimestre 2022,4099,"Taxa de desocupação, na semana de referência, das pessoas de 14 anos ou mais de idade"
137,137,2,Grande Região,2,%,8.7,3,Sudeste,202203,3º trimestre 2022,4099,"Taxa de desocupação, na semana de referência, das pessoas de 14 anos ou mais de idade"
138,138,2,Grande Região,2,%,7.9,3,Sudeste,202204,4º trimestre 2022,4099,"Taxa de desocupação, na semana de referência, das pessoas de 14 anos ou mais de idade"
139,139,2,Grande Região,2,%,8.6,3,Sudeste,202301,1º trimestre 2023,4099,"Taxa de desocupação, na semana de referência, das pessoas de 14 anos ou mais de idade"
140,140,2,Grande Região,2,%,7.9,3,Sudeste,202302,2º trimestre 2023,4099,"Taxa de desocupação, na semana de referência, das pessoas de 14 anos ou mais de idade"
141,141,2,Grande Região,2,%,7.5,3,Sudeste,202303,3º trimestre 2023,4099,"Taxa de desocupação, na semana de referência, das pessoas de 14 anos ou mais de idade"
142,142,2,Grande Região,2,%,5.2,4,Sul,201201,1º trimestre 2012,4099,"Taxa de desocupação, na semana de referência, das pessoas de 14 anos ou mais de idade"
143,143,2,Grande Região,2,%,4.9,4,Sul,201202,2º trimestre 2012,4099,"Taxa de desocupação, na semana de referência, das pessoas de 14 anos ou mais de idade"
144,144,2,Grande Região,2,%,4.3,4,Sul,201203,3º trimestre 2012,4099,"Taxa de desocupação, na semana de referência, das pessoas de 14 anos ou mais de idade"
145,145,2,Grande Região,2,%,4.0,4,Sul,201204,4º trimestre 2012,4099,"Taxa de desocupação, na semana de referência, das pessoas de 14 anos ou mais de idade"
146,146,2,Grande Região,2,%,4.8,4,Sul,201301,1º trimestre 2013,4099,"Taxa de desocupação, na semana de referência, das pessoas de 14 anos ou mais de idade"
147,147,2,Grande Região,2,%,4.3,4,Sul,201302,2º trimestre 2013,4099,"Taxa de desocupação, na semana de referência, das pessoas de 14 anos ou mais de idade"
148,148,2,Grande Região,2,%,4.2,4,Sul,201303,3º trimestre 2013,4099,"Taxa de desocupação, na semana de referência, das pessoas de 14 anos ou mais de idade"
149,149,2,Grande Região,2,%,3.9,4,Sul,201304,4º trimestre 2013,4099,"Taxa de desocupação, na semana de referência, das pessoas de 14 anos ou mais de idade"
150,150,2,Grande Região,2,%,4.4,4,Sul,201401,1º trimestre 2014,4099,"Taxa de desocupação, na semana de referência, das pessoas de 14 anos ou mais de idade"
151,151,2,Grande Região,2,%,4.2,4,Sul,201402,2º trimestre 2014,4099,"Taxa de desocupação, na semana de referência, das pessoas de 14 anos ou mais de idade"
152,152,2,Grande Região,2,%,4.3,4,Sul,201403,3º trimestre 2014,4099,"Taxa de desocupação, na semana de referência, das pessoas de 14 anos ou mais de idade"
153,153,2,Grande Região,2,%,3.8,4,Sul,201404,4º trimestre 2014,4099,"Taxa de desocupação, na semana de referência, das pessoas de 14 anos ou mais de idade"
154,154,2,Grande Região,2,%,5.2,4,Sul,201501,1º trimestre 2015,4099,"Taxa de desocupação, na semana de referência, das pessoas de 14 anos ou mais de idade"
155,155,2,Grande Região,2,%,5.6,4,Sul,201502,2º trimestre 2015,4099,"Taxa de desocupação, na semana de referência, das pessoas de 14 anos ou mais de idade"
156,156,2,Grande Região,2,%,6.1,4,Sul,201503,3º trimestre 2015,4099,"Taxa de desocupação, na semana de referência, das pessoas de 14 anos ou mais de idade"
157,157,2,Grande Região,2,%,5.8,4,Sul,201504,4º trimestre 2015,4099,"Taxa de desocupação, na semana de referência, das pessoas de 14 anos ou mais de idade"
158,158,2,Grande Região,2,%,7.5,4,Sul,201601,1º trimestre 2016,4099,"Taxa de desocupação, na semana de referência, das pessoas de 14 anos ou mais de idade"
159,159,2,Grande Região,2,%,8.2,4,Sul,201602,2º trimestre 2016,4099,"Taxa de desocupação, na semana de referência, das pessoas de 14 anos ou mais de idade"
160,160,2,Grande Região,2,%,8.0,4,Sul,201603,3º trimestre 2016,4099,"Taxa de desocupação, na semana de referência, das pessoas de 14 anos ou mais de idade"
161,161,2,Grande Região,2,%,7.8,4,Sul,201604,4º trimestre 2016,4099,"Taxa de desocupação, na semana de referência, das pessoas de 14 anos ou mais de idade"
162,162,2,Grande Região,2,%,9.4,4,Sul,201701,1º trimestre 2017,4099,"Taxa de desocupação, na semana de referência, das pessoas de 14 anos ou mais de idade"
163,163,2,Grande Região,2,%,8.5,4,Sul,201702,2º trimestre 2017,4099,"Taxa de desocupação, na semana de referência, das pessoas de 14 anos ou mais de idade"
164,164,2,Grande Região,2,%,8.0,4,Sul,201703,3º trimestre 2017,4099,"Taxa de desocupação, na semana de referência, das pessoas de 14 anos ou mais de idade"
165,165,2,Grande Região,2,%,7.7,4,Sul,201704,4º trimestre 2017,4099,"Taxa de desocupação, na semana de referência, das pessoas de 14 anos ou mais de idade"
166,166,2,Grande Região,2,%,8.5,4,Sul,201801,1º trimestre 2018,4099,"Taxa de desocupação, na semana de referência, das pessoas de 14 anos ou mais de idade"
167,167,2,Grande Região,2,%,8.2,4,Sul,201802,2º trimestre 2018,4099,"Taxa de desocupação, na semana de referência, das pessoas de 14 anos ou mais de idade"
168,168,2,Grande Região,2,%,7.9,4,Sul,201803,3º trimestre 2018,4099,"Taxa de desocupação, na semana de referência, das pessoas de 14 anos ou mais de idade"
169,169,2,Grande Região,2,%,7.4,4,Sul,201804,4º trimestre 2018,4099,"Taxa de desocupação, na semana de referência, das pessoas de 14 anos ou mais de idade"
170,170,2,Grande Região,2,%,8.2,4,Sul,201901,1º trimestre 2019,4099,"Taxa de desocupação, na semana de referência, das pessoas de 14 anos ou mais de idade"
171,171,2,Grande Região,2,%,8.1,4,Sul,201902,2º trimestre 2019,4099,"Taxa de desocupação, na semana de referência, das pessoas de 14 anos ou mais de idade"
172,172,2,Grande Região,2,%,8.2,4,Sul,201903,3º trimestre 2019,4099,"Taxa de desocupação, na semana de referência, das pessoas de 14 anos ou mais de idade"
173,173,2,Grande Região,2,%,6.8,4,Sul,201904,4º trimestre 2019,4099,"Taxa de desocupação, na semana de referência, das pessoas de 14 anos ou mais de idade"
174,174,2,Grande Região,2,%,7.7,4,Sul,202001,1º trimestre 2020,4099,"Taxa de desocupação, na semana de referência, das pessoas de 14 anos ou mais de idade"
175,175,2,Grande Região,2,%,9.1,4,Sul,202002,2º trimestre 2020,4099,"Taxa de desocupação, na semana de referência, das pessoas de 14 anos ou mais de idade"
176,176,2,Grande Região,2,%,9.6,4,Sul,202003,3º trimestre 2020,4099,"Taxa de desocupação, na semana de referência, das pessoas de 14 anos ou mais de idade"
177,177,2,Grande Região,2,%,8.4,4,Sul,202004,4º trimestre 2020,4099,"Taxa de desocupação, na semana de referência, das pessoas de 14 anos ou mais de idade"
178,178,2,Grande Região,2,%,8.7,4,Sul,202101,1º trimestre 2021,4099,"Taxa de desocupação, na semana de referência, das pessoas de 14 anos ou mais de idade"
179,179,2,Grande Região,2,%,8.2,4,Sul,202102,2º trimestre 2021,4099,"Taxa de desocupação, na semana de referência, das pessoas de 14 anos ou mais de idade"
180,180,2,Grande Região,2,%,7.5,4,Sul,202103,3º trimestre 2021,4099,"Taxa de desocupação, na semana de referência, das pessoas de 14 anos ou mais de idade"
181,181,2,Grande Região,2,%,6.7,4,Sul,202104,4º trimestre 2021,4099,"Taxa de desocupação, na semana de referência, das pessoas de 14 anos ou mais de idade"
182,182,2,Grande Região,2,%,6.5,4,Sul,202201,1º trimestre 2022,4099,"Taxa de desocupação, na semana de referência, das pessoas de 14 anos ou mais de idade"
183,183,2,Grande Região,2,%,5.6,4,Sul,202202,2º trimestre 2022,4099,"Taxa de desocupação, na semana de referência, das pessoas de 14 anos ou mais de idade"
184,184,2,Grande Região,2,%,5.2,4,Sul,202203,3º trimestre 2022,4099,"Taxa de desocupação, na semana de referência, das pessoas de 14 anos ou mais de idade"
185,185,2,Grande Região,2,%,4.5,4,Sul,202204,4º trimestre 2022,4099,"Taxa de desocupação, na semana de referência, das pessoas de 14 anos ou mais de idade"
186,186,2,Grande Região,2,%,5.0,4,Sul,202301,1º trimestre 2023,4099,"Taxa de desocupação, na semana de referência, das pessoas de 14 anos ou mais de idade"
187,187,2,Grande Região,2,%,4.7,4,Sul,202302,2º trimestre 2023,4099,"Taxa de desocupação, na semana de referência, das pessoas de 14 anos ou mais de idade"
188,188,2,Grande Região,2,%,4.6,4,Sul,202303,3º trimestre 2023,4099,"Taxa de desocupação, na semana de referência, das pessoas de 14 anos ou mais de idade"
189,189,2,Grande Região,2,%,7.1,5,Centro-Oeste,201201,1º trimestre 2012,4099,"Taxa de desocupação, na semana de referência, das pessoas de 14 anos ou mais de idade"
190,190,2,Grande Região,2,%,6.3,5,Centro-Oeste,201202,2º trimestre 2012,4099,"Taxa de desocupação, na semana de referência, das pessoas de 14 anos ou mais de idade"
191,191,2,Grande Região,2,%,5.7,5,Centro-Oeste,201203,3º trimestre 2012,4099,"Taxa de desocupação, na semana de referência, das pessoas de 14 anos ou mais de idade"
192,192,2,Grande Região,2,%,5.8,5,Centro-Oeste,201204,4º trimestre 2012,4099,"Taxa de desocupação, na semana de referência, das pessoas de 14 anos ou mais de idade"
193,193,2,Grande Região,2,%,6.8,5,Centro-Oeste,201301,1º trimestre 2013,4099,"Taxa de desocupação, na semana de referência, das pessoas de 14 anos ou mais de idade"
194,194,2,Grande Região,2,%,6.0,5,Centro-Oeste,201302,2º trimestre 2013,4099,"Taxa de desocupação, na semana de referência, das pessoas de 14 anos ou mais de idade"
195,195,2,Grande Região,2,%,5.6,5,Centro-Oeste,201303,3º trimestre 2013,4099,"Taxa de desocupação, na semana de referência, das pessoas de 14 anos ou mais de idade"
196,196,2,Grande Região,2,%,4.9,5,Centro-Oeste,201304,4º trimestre 2013,4099,"Taxa de desocupação, na semana de referência, das pessoas de 14 anos ou mais de idade"
197,197,2,Grande Região,2,%,5.9,5,Centro-Oeste,201401,1º trimestre 2014,4099,"Taxa de desocupação, na semana de referência, das pessoas de 14 anos ou mais de idade"
198,198,2,Grande Região,2,%,5.6,5,Centro-Oeste,201402,2º trimestre 2014,4099,"Taxa de desocupação, na semana de referência, das pessoas de 14 anos ou mais de idade"
199,199,2,Grande Região,2,%,5.5,5,Centro-Oeste,201403,3º trimestre 2014,4099,"Taxa de desocupação, na semana de referência, das pessoas de 14 anos ou mais de idade"
200,200,2,Grande Região,2,%,5.4,5,Centro-Oeste,201404,4º trimestre 2014,4099,"Taxa de desocupação, na semana de referência, das pessoas de 14 anos ou mais de idade"
201,201,2,Grande Região,2,%,7.4,5,Centro-Oeste,201501,1º trimestre 2015,4099,"Taxa de desocupação, na semana de referência, das pessoas de 14 anos ou mais de idade"
202,202,2,Grande Região,2,%,7.5,5,Centro-Oeste,201502,2º trimestre 2015,4099,"Taxa de desocupação, na semana de referência, das pessoas de 14 anos ou mais de idade"
203,203,2,Grande Região,2,%,7.7,5,Centro-Oeste,201503,3º trimestre 2015,4099,"Taxa de desocupação, na semana de referência, das pessoas de 14 anos ou mais de idade"
204,204,2,Grande Região,2,%,7.5,5,Centro-Oeste,201504,4º trimestre 2015,4099,"Taxa de desocupação, na semana de referência, das pessoas de 14 anos ou mais de idade"
205,205,2,Grande Região,2,%,9.8,5,Centro-Oeste,201601,1º trimestre 2016,4099,"Taxa de desocupação, na semana de referência, das pessoas de 14 anos ou mais de idade"
206,206,2,Grande Região,2,%,9.8,5,Centro-Oeste,201602,2º trimestre 2016,4099,"Taxa de desocupação, na semana de referência, das pessoas de 14 anos ou mais de idade"
207,207,2,Grande Região,2,%,10.1,5,Centro-Oeste,201603,3º trimestre 2016,4099,"Taxa de desocupação, na semana de referência, das pessoas de 14 anos ou mais de idade"
208,208,2,Grande Região,2,%,11.0,5,Centro-Oeste,201604,4º trimestre 2016,4099,"Taxa de desocupação, na semana de referência, das pessoas de 14 anos ou mais de idade"
209,209,2,Grande Região,2,%,12.2,5,Centro-Oeste,201701,1º trimestre 2017,4099,"Taxa de desocupação, na semana de referência, das pessoas de 14 anos ou mais de idade"
210,210,2,Grande Região,2,%,10.7,5,Centro-Oeste,201702,2º trimestre 2017,4099,"Taxa de desocupação, na semana de referência, das pessoas de 14 anos ou mais de idade"
211,211,2,Grande Região,2,%,9.7,5,Centro-Oeste,201703,3º trimestre 2017,4099,"Taxa de desocupação, na semana de referência, das pessoas de 14 anos ou mais de idade"
212,212,2,Grande Região,2,%,9.4,5,Centro-Oeste,201704,4º trimestre 2017,4099,"Taxa de desocupação, na semana de referência, das pessoas de 14 anos ou mais de idade"
213,213,2,Grande Região,2,%,10.6,5,Centro-Oeste,201801,1º trimestre 2018,4099,"Taxa de desocupação, na semana de referência, das pessoas de 14 anos ou mais de idade"
214,214,2,Grande Região,2,%,9.5,5,Centro-Oeste,201802,2º trimestre 2018,4099,"Taxa de desocupação, na semana de referência, das pessoas de 14 anos ou mais de idade"
215,215,2,Grande Região,2,%,9.0,5,Centro-Oeste,201803,3º trimestre 2018,4099,"Taxa de desocupação, na semana de referência, das pessoas de 14 anos ou mais de idade"
216,216,2,Grande Região,2,%,8.5,5,Centro-Oeste,201804,4º trimestre 2018,4099,"Taxa de desocupação, na semana de referência, das pessoas de 14 anos ou mais de idade"
217,217,2,Grande Região,2,%,10.9,5,Centro-Oeste,201901,1º trimestre 2019,4099,"Taxa de desocupação, na semana de referência, das pessoas de 14 anos ou mais de idade"
218,218,2,Grande Região,2,%,10.4,5,Centro-Oeste,201902,2º trimestre 2019,4099,"Taxa de desocupação, na semana de referência, das pessoas de 14 anos ou mais de idade"
219,219,2,Grande Região,2,%,10.2,5,Centro-Oeste,201903,3º trimestre 2019,4099,"Taxa de desocupação, na semana de referência, das pessoas de 14 anos ou mais de idade"
220,220,2,Grande Região,2,%,9.5,5,Centro-Oeste,201904,4º trimestre 2019,4099,"Taxa de desocupação, na semana de referência, das pessoas de 14 anos ou mais de idade"
221,221,2,Grande Região,2,%,10.7,5,Centro-Oeste,202001,1º trimestre 2020,4099,"Taxa de desocupação, na semana de referência, das pessoas de 14 anos ou mais de idade"
222,222,2,Grande Região,2,%,12.7,5,Centro-Oeste,202002,2º trimestre 2020,4099,"Taxa de desocupação, na semana de referência, das pessoas de 14 anos ou mais de idade"
223,223,2,Grande Região,2,%,12.9,5,Centro-Oeste,202003,3º trimestre 2020,4099,"Taxa de desocupação, na semana de referência, das pessoas de 14 anos ou mais de idade"
224,224,2,Grande Região,2,%,12.1,5,Centro-Oeste,202004,4º trimestre 2020,4099,"Taxa de desocupação, na semana de referência, das pessoas de 14 anos ou mais de idade"
225,225,2,Grande Região,2,%,12.8,5,Centro-Oeste,202101,1º trimestre 2021,4099,"Taxa de desocupação, na semana de referência, das pessoas de 14 anos ou mais de idade"
226,226,2,Grande Região,2,%,11.6,5,Centro-Oeste,202102,2º trimestre 2021,4099,"Taxa de desocupação, na semana de referência, das pessoas de 14 anos ou mais de idade"
227,227,2,Grande Região,2,%,9.8,5,Centro-Oeste,202103,3º trimestre 2021,4099,"Taxa de desocupação, na semana de referência, das pessoas de 14 anos ou mais de idade"
228,228,2,Grande Região,2,%,8.4,5,Centro-Oeste,202104,4º trimestre 2021,4099,"Taxa de desocupação, na semana de referência, das pessoas de 14 anos ou mais de idade"
229,229,2,Grande Região,2,%,8.5,5,Centro-Oeste,202201,1º trimestre 2022,4099,"Taxa de desocupação, na semana de referência, das pessoas de 14 anos ou mais de idade"
230,230,2,Grande Região,2,%,7.0,5,Centro-Oeste,202202,2º trimestre 2022,4099,"Taxa de desocupação, na semana de referência, das pessoas de 14 anos ou mais de idade"
231,231,2,Grande Região,2,%,6.5,5,Centro-Oeste,202203,3º trimestre 2022,4099,"Taxa de desocupação, na semana de referência, das pessoas de 14 anos ou mais de idade"
232,232,2,Grande Região,2,%,6.2,5,Centro-Oeste,202204,4º trimestre 2022,4099,"Taxa de desocupação, na semana de referência, das pessoas de 14 anos ou mais de idade"
233,233,2,Grande Região,2,%,7.0,5,Centro-Oeste,202301,1º trimestre 2023,4099,"Taxa de desocupação, na semana de referência, das pessoas de 14 anos ou mais de idade"
234,234,2,Grande Região,2,%,5.7,5,Centro-Oeste,202302,2º trimestre 2023,4099,"Taxa de desocupação, na semana de referência, das pessoas de 14 anos ou mais de idade"
235,235,2,Grande Região,2,%,5.5,5,Centro-Oeste,202303,3º trimestre 2023,4099,"Taxa de desocupação, na semana de referência, das pessoas de 14 anos ou mais de idade"
