,0,Nível Territorial (Código),Nível Territorial,Unidade de Medida (Código),Unidade de Medida,Valor,Brasil (Código),Grandes Regiões,Trimestre (Código),Trimestre,Variável (Código),Variável,Grupo de idade (Código),Grupo de idade
1,1,1,Brasil,38,Reais,2673.0,1,Brasil,201201,1º trimestre 2012,5932,"Rendimento médio mensal real das pessoas de 14 anos ou mais de idade ocupadas na semana de referência com rendimento de trabalho, habitualmente recebido no trabalho principal",95253,Total
7,7,1,Brasil,38,Reais,2684.0,1,Brasil,201202,2º trimestre 2012,5932,"Rendimento médio mensal real das pessoas de 14 anos ou mais de idade ocupadas na semana de referência com rendimento de trabalho, habitualmente recebido no trabalho principal",95253,Total
13,13,1,Brasil,38,Reais,2698.0,1,Brasil,201203,3º trimestre 2012,5932,"Rendimento médio mensal real das pessoas de 14 anos ou mais de idade ocupadas na semana de referência com rendimento de trabalho, habitualmente recebido no trabalho principal",95253,Total
19,19,1,Brasil,38,Reais,2687.0,1,Brasil,201204,4º trimestre 2012,5932,"Rendimento médio mensal real das pessoas de 14 anos ou mais de idade ocupadas na semana de referência com rendimento de trabalho, habitualmente recebido no trabalho principal",95253,Total
25,25,1,Brasil,38,Reais,2736.0,1,Brasil,201301,1º trimestre 2013,5932,"Rendimento médio mensal real das pessoas de 14 anos ou mais de idade ocupadas na semana de referência com rendimento de trabalho, habitualmente recebido no trabalho principal",95253,Total
31,31,1,Brasil,38,Reais,2766.0,1,Brasil,201302,2º trimestre 2013,5932,"Rendimento médio mensal real das pessoas de 14 anos ou mais de idade ocupadas na semana de referência com rendimento de trabalho, habitualmente recebido no trabalho principal",95253,Total
37,37,1,Brasil,38,Reais,2805.0,1,Brasil,201303,3º trimestre 2013,5932,"Rendimento médio mensal real das pessoas de 14 anos ou mais de idade ocupadas na semana de referência com rendimento de trabalho, habitualmente recebido no trabalho principal",95253,Total
43,43,1,Brasil,38,Reais,2782.0,1,Brasil,201304,4º trimestre 2013,5932,"Rendimento médio mensal real das pessoas de 14 anos ou mais de idade ocupadas na semana de referência com rendimento de trabalho, habitualmente recebido no trabalho principal",95253,Total
49,49,1,Brasil,38,Reais,2840.0,1,Brasil,201401,1º trimestre 2014,5932,"Rendimento médio mensal real das pessoas de 14 anos ou mais de idade ocupadas na semana de referência com rendimento de trabalho, habitualmente recebido no trabalho principal",95253,Total
55,55,1,Brasil,38,Reais,2818.0,1,Brasil,201402,2º trimestre 2014,5932,"Rendimento médio mensal real das pessoas de 14 anos ou mais de idade ocupadas na semana de referência com rendimento de trabalho, habitualmente recebido no trabalho principal",95253,Total
61,61,1,Brasil,38,Reais,2840.0,1,Brasil,201403,3º trimestre 2014,5932,"Rendimento médio mensal real das pessoas de 14 anos ou mais de idade ocupadas na semana de referência com rendimento de trabalho, habitualmente recebido no trabalho principal",95253,Total
67,67,1,Brasil,38,Reais,2835.0,1,Brasil,201404,4º trimestre 2014,5932,"Rendimento médio mensal real das pessoas de 14 anos ou mais de idade ocupadas na semana de referência com rendimento de trabalho, habitualmente recebido no trabalho principal",95253,Total
73,73,1,Brasil,38,Reais,2835.0,1,Brasil,201501,1º trimestre 2015,5932,"Rendimento médio mensal real das pessoas de 14 anos ou mais de idade ocupadas na semana de referência com rendimento de trabalho, habitualmente recebido no trabalho principal",95253,Total
79,79,1,Brasil,38,Reais,2820.0,1,Brasil,201502,2º trimestre 2015,5932,"Rendimento médio mensal real das pessoas de 14 anos ou mais de idade ocupadas na semana de referência com rendimento de trabalho, habitualmente recebido no trabalho principal",95253,Total
85,85,1,Brasil,38,Reais,2784.0,1,Brasil,201503,3º trimestre 2015,5932,"Rendimento médio mensal real das pessoas de 14 anos ou mais de idade ocupadas na semana de referência com rendimento de trabalho, habitualmente recebido no trabalho principal",95253,Total
91,91,1,Brasil,38,Reais,2747.0,1,Brasil,201504,4º trimestre 2015,5932,"Rendimento médio mensal real das pessoas de 14 anos ou mais de idade ocupadas na semana de referência com rendimento de trabalho, habitualmente recebido no trabalho principal",95253,Total
97,97,1,Brasil,38,Reais,2751.0,1,Brasil,201601,1º trimestre 2016,5932,"Rendimento médio mensal real das pessoas de 14 anos ou mais de idade ocupadas na semana de referência com rendimento de trabalho, habitualmente recebido no trabalho principal",95253,Total
103,103,1,Brasil,38,Reais,2718.0,1,Brasil,201602,2º trimestre 2016,5932,"Rendimento médio mensal real das pessoas de 14 anos ou mais de idade ocupadas na semana de referência com rendimento de trabalho, habitualmente recebido no trabalho principal",95253,Total
109,109,1,Brasil,38,Reais,2741.0,1,Brasil,201603,3º trimestre 2016,5932,"Rendimento médio mensal real das pessoas de 14 anos ou mais de idade ocupadas na semana de referência com rendimento de trabalho, habitualmente recebido no trabalho principal",95253,Total
115,115,1,Brasil,38,Reais,2760.0,1,Brasil,201604,4º trimestre 2016,5932,"Rendimento médio mensal real das pessoas de 14 anos ou mais de idade ocupadas na semana de referência com rendimento de trabalho, habitualmente recebido no trabalho principal",95253,Total
121,121,1,Brasil,38,Reais,2796.0,1,Brasil,201701,1º trimestre 2017,5932,"Rendimento médio mensal real das pessoas de 14 anos ou mais de idade ocupadas na semana de referência com rendimento de trabalho, habitualmente recebido no trabalho principal",95253,Total
127,127,1,Brasil,38,Reais,2763.0,1,Brasil,201702,2º trimestre 2017,5932,"Rendimento médio mensal real das pessoas de 14 anos ou mais de idade ocupadas na semana de referência com rendimento de trabalho, habitualmente recebido no trabalho principal",95253,Total
133,133,1,Brasil,38,Reais,2772.0,1,Brasil,201703,3º trimestre 2017,5932,"Rendimento médio mensal real das pessoas de 14 anos ou mais de idade ocupadas na semana de referência com rendimento de trabalho, habitualmente recebido no trabalho principal",95253,Total
139,139,1,Brasil,38,Reais,2788.0,1,Brasil,201704,4º trimestre 2017,5932,"Rendimento médio mensal real das pessoas de 14 anos ou mais de idade ocupadas na semana de referência com rendimento de trabalho, habitualmente recebido no trabalho principal",95253,Total
145,145,1,Brasil,38,Reais,2816.0,1,Brasil,201801,1º trimestre 2018,5932,"Rendimento médio mensal real das pessoas de 14 anos ou mais de idade ocupadas na semana de referência com rendimento de trabalho, habitualmente recebido no trabalho principal",95253,Total
151,151,1,Brasil,38,Reais,2815.0,1,Brasil,201802,2º trimestre 2018,5932,"Rendimento médio mensal real das pessoas de 14 anos ou mais de idade ocupadas na semana de referência com rendimento de trabalho, habitualmente recebido no trabalho principal",95253,Total
157,157,1,Brasil,38,Reais,2811.0,1,Brasil,201803,3º trimestre 2018,5932,"Rendimento médio mensal real das pessoas de 14 anos ou mais de idade ocupadas na semana de referência com rendimento de trabalho, habitualmente recebido no trabalho principal",95253,Total
163,163,1,Brasil,38,Reais,2827.0,1,Brasil,201804,4º trimestre 2018,5932,"Rendimento médio mensal real das pessoas de 14 anos ou mais de idade ocupadas na semana de referência com rendimento de trabalho, habitualmente recebido no trabalho principal",95253,Total
169,169,1,Brasil,38,Reais,2844.0,1,Brasil,201901,1º trimestre 2019,5932,"Rendimento médio mensal real das pessoas de 14 anos ou mais de idade ocupadas na semana de referência com rendimento de trabalho, habitualmente recebido no trabalho principal",95253,Total
175,175,1,Brasil,38,Reais,2806.0,1,Brasil,201902,2º trimestre 2019,5932,"Rendimento médio mensal real das pessoas de 14 anos ou mais de idade ocupadas na semana de referência com rendimento de trabalho, habitualmente recebido no trabalho principal",95253,Total
181,181,1,Brasil,38,Reais,2813.0,1,Brasil,201903,3º trimestre 2019,5932,"Rendimento médio mensal real das pessoas de 14 anos ou mais de idade ocupadas na semana de referência com rendimento de trabalho, habitualmente recebido no trabalho principal",95253,Total
187,187,1,Brasil,38,Reais,2834.0,1,Brasil,201904,4º trimestre 2019,5932,"Rendimento médio mensal real das pessoas de 14 anos ou mais de idade ocupadas na semana de referência com rendimento de trabalho, habitualmente recebido no trabalho principal",95253,Total
193,193,1,Brasil,38,Reais,2875.0,1,Brasil,202001,1º trimestre 2020,5932,"Rendimento médio mensal real das pessoas de 14 anos ou mais de idade ocupadas na semana de referência com rendimento de trabalho, habitualmente recebido no trabalho principal",95253,Total
199,199,1,Brasil,38,Reais,2670.0,1,Brasil,202202,2º trimestre 2022,5932,"Rendimento médio mensal real das pessoas de 14 anos ou mais de idade ocupadas na semana de referência com rendimento de trabalho, habitualmente recebido no trabalho principal",95253,Total
205,205,1,Brasil,38,Reais,2763.0,1,Brasil,202203,3º trimestre 2022,5932,"Rendimento médio mensal real das pessoas de 14 anos ou mais de idade ocupadas na semana de referência com rendimento de trabalho, habitualmente recebido no trabalho principal",95253,Total
211,211,1,Brasil,38,Reais,2819.0,1,Brasil,202204,4º trimestre 2022,5932,"Rendimento médio mensal real das pessoas de 14 anos ou mais de idade ocupadas na semana de referência com rendimento de trabalho, habitualmente recebido no trabalho principal",95253,Total
217,217,1,Brasil,38,Reais,2841.0,1,Brasil,202301,1º trimestre 2023,5932,"Rendimento médio mensal real das pessoas de 14 anos ou mais de idade ocupadas na semana de referência com rendimento de trabalho, habitualmente recebido no trabalho principal",95253,Total
223,223,1,Brasil,38,Reais,2836.0,1,Brasil,202302,2º trimestre 2023,5932,"Rendimento médio mensal real das pessoas de 14 anos ou mais de idade ocupadas na semana de referência com rendimento de trabalho, habitualmente recebido no trabalho principal",95253,Total
1,1,2,Grande Região,38,Reais,2160.0,1,Norte,201201,1º trimestre 2012,5932,"Rendimento médio mensal real das pessoas de 14 anos ou mais de idade ocupadas na semana de referência com rendimento de trabalho, habitualmente recebido no trabalho principal",95253,Total
7,7,2,Grande Região,38,Reais,2165.0,1,Norte,201202,2º trimestre 2012,5932,"Rendimento médio mensal real das pessoas de 14 anos ou mais de idade ocupadas na semana de referência com rendimento de trabalho, habitualmente recebido no trabalho principal",95253,Total
13,13,2,Grande Região,38,Reais,2156.0,1,Norte,201203,3º trimestre 2012,5932,"Rendimento médio mensal real das pessoas de 14 anos ou mais de idade ocupadas na semana de referência com rendimento de trabalho, habitualmente recebido no trabalho principal",95253,Total
19,19,2,Grande Região,38,Reais,2152.0,1,Norte,201204,4º trimestre 2012,5932,"Rendimento médio mensal real das pessoas de 14 anos ou mais de idade ocupadas na semana de referência com rendimento de trabalho, habitualmente recebido no trabalho principal",95253,Total
25,25,2,Grande Região,38,Reais,2109.0,1,Norte,201301,1º trimestre 2013,5932,"Rendimento médio mensal real das pessoas de 14 anos ou mais de idade ocupadas na semana de referência com rendimento de trabalho, habitualmente recebido no trabalho principal",95253,Total
31,31,2,Grande Região,38,Reais,2126.0,1,Norte,201302,2º trimestre 2013,5932,"Rendimento médio mensal real das pessoas de 14 anos ou mais de idade ocupadas na semana de referência com rendimento de trabalho, habitualmente recebido no trabalho principal",95253,Total
37,37,2,Grande Região,38,Reais,2165.0,1,Norte,201303,3º trimestre 2013,5932,"Rendimento médio mensal real das pessoas de 14 anos ou mais de idade ocupadas na semana de referência com rendimento de trabalho, habitualmente recebido no trabalho principal",95253,Total
43,43,2,Grande Região,38,Reais,2166.0,1,Norte,201304,4º trimestre 2013,5932,"Rendimento médio mensal real das pessoas de 14 anos ou mais de idade ocupadas na semana de referência com rendimento de trabalho, habitualmente recebido no trabalho principal",95253,Total
49,49,2,Grande Região,38,Reais,2158.0,1,Norte,201401,1º trimestre 2014,5932,"Rendimento médio mensal real das pessoas de 14 anos ou mais de idade ocupadas na semana de referência com rendimento de trabalho, habitualmente recebido no trabalho principal",95253,Total
55,55,2,Grande Região,38,Reais,2189.0,1,Norte,201402,2º trimestre 2014,5932,"Rendimento médio mensal real das pessoas de 14 anos ou mais de idade ocupadas na semana de referência com rendimento de trabalho, habitualmente recebido no trabalho principal",95253,Total
61,61,2,Grande Região,38,Reais,2191.0,1,Norte,201403,3º trimestre 2014,5932,"Rendimento médio mensal real das pessoas de 14 anos ou mais de idade ocupadas na semana de referência com rendimento de trabalho, habitualmente recebido no trabalho principal",95253,Total
67,67,2,Grande Região,38,Reais,2161.0,1,Norte,201404,4º trimestre 2014,5932,"Rendimento médio mensal real das pessoas de 14 anos ou mais de idade ocupadas na semana de referência com rendimento de trabalho, habitualmente recebido no trabalho principal",95253,Total
73,73,2,Grande Região,38,Reais,2180.0,1,Norte,201501,1º trimestre 2015,5932,"Rendimento médio mensal real das pessoas de 14 anos ou mais de idade ocupadas na semana de referência com rendimento de trabalho, habitualmente recebido no trabalho principal",95253,Total
79,79,2,Grande Região,38,Reais,2073.0,1,Norte,201502,2º trimestre 2015,5932,"Rendimento médio mensal real das pessoas de 14 anos ou mais de idade ocupadas na semana de referência com rendimento de trabalho, habitualmente recebido no trabalho principal",95253,Total
85,85,2,Grande Região,38,Reais,2083.0,1,Norte,201503,3º trimestre 2015,5932,"Rendimento médio mensal real das pessoas de 14 anos ou mais de idade ocupadas na semana de referência com rendimento de trabalho, habitualmente recebido no trabalho principal",95253,Total
91,91,2,Grande Região,38,Reais,2044.0,1,Norte,201504,4º trimestre 2015,5932,"Rendimento médio mensal real das pessoas de 14 anos ou mais de idade ocupadas na semana de referência com rendimento de trabalho, habitualmente recebido no trabalho principal",95253,Total
97,97,2,Grande Região,38,Reais,2022.0,1,Norte,201601,1º trimestre 2016,5932,"Rendimento médio mensal real das pessoas de 14 anos ou mais de idade ocupadas na semana de referência com rendimento de trabalho, habitualmente recebido no trabalho principal",95253,Total
103,103,2,Grande Região,38,Reais,2043.0,1,Norte,201602,2º trimestre 2016,5932,"Rendimento médio mensal real das pessoas de 14 anos ou mais de idade ocupadas na semana de referência com rendimento de trabalho, habitualmente recebido no trabalho principal",95253,Total
109,109,2,Grande Região,38,Reais,2023.0,1,Norte,201603,3º trimestre 2016,5932,"Rendimento médio mensal real das pessoas de 14 anos ou mais de idade ocupadas na semana de referência com rendimento de trabalho, habitualmente recebido no trabalho principal",95253,Total
115,115,2,Grande Região,38,Reais,2022.0,1,Norte,201604,4º trimestre 2016,5932,"Rendimento médio mensal real das pessoas de 14 anos ou mais de idade ocupadas na semana de referência com rendimento de trabalho, habitualmente recebido no trabalho principal",95253,Total
121,121,2,Grande Região,38,Reais,2077.0,1,Norte,201701,1º trimestre 2017,5932,"Rendimento médio mensal real das pessoas de 14 anos ou mais de idade ocupadas na semana de referência com rendimento de trabalho, habitualmente recebido no trabalho principal",95253,Total
127,127,2,Grande Região,38,Reais,2087.0,1,Norte,201702,2º trimestre 2017,5932,"Rendimento médio mensal real das pessoas de 14 anos ou mais de idade ocupadas na semana de referência com rendimento de trabalho, habitualmente recebido no trabalho principal",95253,Total
133,133,2,Grande Região,38,Reais,2126.0,1,Norte,201703,3º trimestre 2017,5932,"Rendimento médio mensal real das pessoas de 14 anos ou mais de idade ocupadas na semana de referência com rendimento de trabalho, habitualmente recebido no trabalho principal",95253,Total
139,139,2,Grande Região,38,Reais,2128.0,1,Norte,201704,4º trimestre 2017,5932,"Rendimento médio mensal real das pessoas de 14 anos ou mais de idade ocupadas na semana de referência com rendimento de trabalho, habitualmente recebido no trabalho principal",95253,Total
145,145,2,Grande Região,38,Reais,2138.0,1,Norte,201801,1º trimestre 2018,5932,"Rendimento médio mensal real das pessoas de 14 anos ou mais de idade ocupadas na semana de referência com rendimento de trabalho, habitualmente recebido no trabalho principal",95253,Total
151,151,2,Grande Região,38,Reais,2104.0,1,Norte,201802,2º trimestre 2018,5932,"Rendimento médio mensal real das pessoas de 14 anos ou mais de idade ocupadas na semana de referência com rendimento de trabalho, habitualmente recebido no trabalho principal",95253,Total
157,157,2,Grande Região,38,Reais,2112.0,1,Norte,201803,3º trimestre 2018,5932,"Rendimento médio mensal real das pessoas de 14 anos ou mais de idade ocupadas na semana de referência com rendimento de trabalho, habitualmente recebido no trabalho principal",95253,Total
163,163,2,Grande Região,38,Reais,2070.0,1,Norte,201804,4º trimestre 2018,5932,"Rendimento médio mensal real das pessoas de 14 anos ou mais de idade ocupadas na semana de referência com rendimento de trabalho, habitualmente recebido no trabalho principal",95253,Total
169,169,2,Grande Região,38,Reais,2082.0,1,Norte,201901,1º trimestre 2019,5932,"Rendimento médio mensal real das pessoas de 14 anos ou mais de idade ocupadas na semana de referência com rendimento de trabalho, habitualmente recebido no trabalho principal",95253,Total
175,175,2,Grande Região,38,Reais,2055.0,1,Norte,201902,2º trimestre 2019,5932,"Rendimento médio mensal real das pessoas de 14 anos ou mais de idade ocupadas na semana de referência com rendimento de trabalho, habitualmente recebido no trabalho principal",95253,Total
181,181,2,Grande Região,38,Reais,2103.0,1,Norte,201903,3º trimestre 2019,5932,"Rendimento médio mensal real das pessoas de 14 anos ou mais de idade ocupadas na semana de referência com rendimento de trabalho, habitualmente recebido no trabalho principal",95253,Total
187,187,2,Grande Região,38,Reais,2111.0,1,Norte,201904,4º trimestre 2019,5932,"Rendimento médio mensal real das pessoas de 14 anos ou mais de idade ocupadas na semana de referência com rendimento de trabalho, habitualmente recebido no trabalho principal",95253,Total
193,193,2,Grande Região,38,Reais,2090.0,1,Norte,202001,1º trimestre 2020,5932,"Rendimento médio mensal real das pessoas de 14 anos ou mais de idade ocupadas na semana de referência com rendimento de trabalho, habitualmente recebido no trabalho principal",95253,Total
199,199,2,Grande Região,38,Reais,2094.0,1,Norte,202202,2º trimestre 2022,5932,"Rendimento médio mensal real das pessoas de 14 anos ou mais de idade ocupadas na semana de referência com rendimento de trabalho, habitualmente recebido no trabalho principal",95253,Total
205,205,2,Grande Região,38,Reais,2173.0,1,Norte,202203,3º trimestre 2022,5932,"Rendimento médio mensal real das pessoas de 14 anos ou mais de idade ocupadas na semana de referência com rendimento de trabalho, habitualmente recebido no trabalho principal",95253,Total
211,211,2,Grande Região,38,Reais,2222.0,1,Norte,202204,4º trimestre 2022,5932,"Rendimento médio mensal real das pessoas de 14 anos ou mais de idade ocupadas na semana de referência com rendimento de trabalho, habitualmente recebido no trabalho principal",95253,Total
217,217,2,Grande Região,38,Reais,2190.0,1,Norte,202301,1º trimestre 2023,5932,"Rendimento médio mensal real das pessoas de 14 anos ou mais de idade ocupadas na semana de referência com rendimento de trabalho, habitualmente recebido no trabalho principal",95253,Total
223,223,2,Grande Região,38,Reais,2231.0,1,Norte,202302,2º trimestre 2023,5932,"Rendimento médio mensal real das pessoas de 14 anos ou mais de idade ocupadas na semana de referência com rendimento de trabalho, habitualmente recebido no trabalho principal",95253,Total
229,229,2,Grande Região,38,Reais,1800.0,2,Nordeste,201201,1º trimestre 2012,5932,"Rendimento médio mensal real das pessoas de 14 anos ou mais de idade ocupadas na semana de referência com rendimento de trabalho, habitualmente recebido no trabalho principal",95253,Total
235,235,2,Grande Região,38,Reais,1831.0,2,Nordeste,201202,2º trimestre 2012,5932,"Rendimento médio mensal real das pessoas de 14 anos ou mais de idade ocupadas na semana de referência com rendimento de trabalho, habitualmente recebido no trabalho principal",95253,Total
241,241,2,Grande Região,38,Reais,1813.0,2,Nordeste,201203,3º trimestre 2012,5932,"Rendimento médio mensal real das pessoas de 14 anos ou mais de idade ocupadas na semana de referência com rendimento de trabalho, habitualmente recebido no trabalho principal",95253,Total
247,247,2,Grande Região,38,Reais,1799.0,2,Nordeste,201204,4º trimestre 2012,5932,"Rendimento médio mensal real das pessoas de 14 anos ou mais de idade ocupadas na semana de referência com rendimento de trabalho, habitualmente recebido no trabalho principal",95253,Total
253,253,2,Grande Região,38,Reais,1854.0,2,Nordeste,201301,1º trimestre 2013,5932,"Rendimento médio mensal real das pessoas de 14 anos ou mais de idade ocupadas na semana de referência com rendimento de trabalho, habitualmente recebido no trabalho principal",95253,Total
259,259,2,Grande Região,38,Reais,1891.0,2,Nordeste,201302,2º trimestre 2013,5932,"Rendimento médio mensal real das pessoas de 14 anos ou mais de idade ocupadas na semana de referência com rendimento de trabalho, habitualmente recebido no trabalho principal",95253,Total
265,265,2,Grande Região,38,Reais,1912.0,2,Nordeste,201303,3º trimestre 2013,5932,"Rendimento médio mensal real das pessoas de 14 anos ou mais de idade ocupadas na semana de referência com rendimento de trabalho, habitualmente recebido no trabalho principal",95253,Total
271,271,2,Grande Região,38,Reais,1891.0,2,Nordeste,201304,4º trimestre 2013,5932,"Rendimento médio mensal real das pessoas de 14 anos ou mais de idade ocupadas na semana de referência com rendimento de trabalho, habitualmente recebido no trabalho principal",95253,Total
277,277,2,Grande Região,38,Reais,1959.0,2,Nordeste,201401,1º trimestre 2014,5932,"Rendimento médio mensal real das pessoas de 14 anos ou mais de idade ocupadas na semana de referência com rendimento de trabalho, habitualmente recebido no trabalho principal",95253,Total
283,283,2,Grande Região,38,Reais,1937.0,2,Nordeste,201402,2º trimestre 2014,5932,"Rendimento médio mensal real das pessoas de 14 anos ou mais de idade ocupadas na semana de referência com rendimento de trabalho, habitualmente recebido no trabalho principal",95253,Total
289,289,2,Grande Região,38,Reais,1931.0,2,Nordeste,201403,3º trimestre 2014,5932,"Rendimento médio mensal real das pessoas de 14 anos ou mais de idade ocupadas na semana de referência com rendimento de trabalho, habitualmente recebido no trabalho principal",95253,Total
295,295,2,Grande Região,38,Reais,1933.0,2,Nordeste,201404,4º trimestre 2014,5932,"Rendimento médio mensal real das pessoas de 14 anos ou mais de idade ocupadas na semana de referência com rendimento de trabalho, habitualmente recebido no trabalho principal",95253,Total
301,301,2,Grande Região,38,Reais,1921.0,2,Nordeste,201501,1º trimestre 2015,5932,"Rendimento médio mensal real das pessoas de 14 anos ou mais de idade ocupadas na semana de referência com rendimento de trabalho, habitualmente recebido no trabalho principal",95253,Total
307,307,2,Grande Região,38,Reais,1904.0,2,Nordeste,201502,2º trimestre 2015,5932,"Rendimento médio mensal real das pessoas de 14 anos ou mais de idade ocupadas na semana de referência com rendimento de trabalho, habitualmente recebido no trabalho principal",95253,Total
313,313,2,Grande Região,38,Reais,1885.0,2,Nordeste,201503,3º trimestre 2015,5932,"Rendimento médio mensal real das pessoas de 14 anos ou mais de idade ocupadas na semana de referência com rendimento de trabalho, habitualmente recebido no trabalho principal",95253,Total
319,319,2,Grande Região,38,Reais,1837.0,2,Nordeste,201504,4º trimestre 2015,5932,"Rendimento médio mensal real das pessoas de 14 anos ou mais de idade ocupadas na semana de referência com rendimento de trabalho, habitualmente recebido no trabalho principal",95253,Total
325,325,2,Grande Região,38,Reais,1840.0,2,Nordeste,201601,1º trimestre 2016,5932,"Rendimento médio mensal real das pessoas de 14 anos ou mais de idade ocupadas na semana de referência com rendimento de trabalho, habitualmente recebido no trabalho principal",95253,Total
331,331,2,Grande Região,38,Reais,1834.0,2,Nordeste,201602,2º trimestre 2016,5932,"Rendimento médio mensal real das pessoas de 14 anos ou mais de idade ocupadas na semana de referência com rendimento de trabalho, habitualmente recebido no trabalho principal",95253,Total
337,337,2,Grande Região,38,Reais,1825.0,2,Nordeste,201603,3º trimestre 2016,5932,"Rendimento médio mensal real das pessoas de 14 anos ou mais de idade ocupadas na semana de referência com rendimento de trabalho, habitualmente recebido no trabalho principal",95253,Total
343,343,2,Grande Região,38,Reais,1856.0,2,Nordeste,201604,4º trimestre 2016,5932,"Rendimento médio mensal real das pessoas de 14 anos ou mais de idade ocupadas na semana de referência com rendimento de trabalho, habitualmente recebido no trabalho principal",95253,Total
349,349,2,Grande Região,38,Reais,1912.0,2,Nordeste,201701,1º trimestre 2017,5932,"Rendimento médio mensal real das pessoas de 14 anos ou mais de idade ocupadas na semana de referência com rendimento de trabalho, habitualmente recebido no trabalho principal",95253,Total
355,355,2,Grande Região,38,Reais,1902.0,2,Nordeste,201702,2º trimestre 2017,5932,"Rendimento médio mensal real das pessoas de 14 anos ou mais de idade ocupadas na semana de referência com rendimento de trabalho, habitualmente recebido no trabalho principal",95253,Total
361,361,2,Grande Região,38,Reais,1868.0,2,Nordeste,201703,3º trimestre 2017,5932,"Rendimento médio mensal real das pessoas de 14 anos ou mais de idade ocupadas na semana de referência com rendimento de trabalho, habitualmente recebido no trabalho principal",95253,Total
367,367,2,Grande Região,38,Reais,1932.0,2,Nordeste,201704,4º trimestre 2017,5932,"Rendimento médio mensal real das pessoas de 14 anos ou mais de idade ocupadas na semana de referência com rendimento de trabalho, habitualmente recebido no trabalho principal",95253,Total
373,373,2,Grande Região,38,Reais,1948.0,2,Nordeste,201801,1º trimestre 2018,5932,"Rendimento médio mensal real das pessoas de 14 anos ou mais de idade ocupadas na semana de referência com rendimento de trabalho, habitualmente recebido no trabalho principal",95253,Total
379,379,2,Grande Região,38,Reais,1935.0,2,Nordeste,201802,2º trimestre 2018,5932,"Rendimento médio mensal real das pessoas de 14 anos ou mais de idade ocupadas na semana de referência com rendimento de trabalho, habitualmente recebido no trabalho principal",95253,Total
385,385,2,Grande Região,38,Reais,1945.0,2,Nordeste,201803,3º trimestre 2018,5932,"Rendimento médio mensal real das pessoas de 14 anos ou mais de idade ocupadas na semana de referência com rendimento de trabalho, habitualmente recebido no trabalho principal",95253,Total
391,391,2,Grande Região,38,Reais,1953.0,2,Nordeste,201804,4º trimestre 2018,5932,"Rendimento médio mensal real das pessoas de 14 anos ou mais de idade ocupadas na semana de referência com rendimento de trabalho, habitualmente recebido no trabalho principal",95253,Total
397,397,2,Grande Região,38,Reais,1961.0,2,Nordeste,201901,1º trimestre 2019,5932,"Rendimento médio mensal real das pessoas de 14 anos ou mais de idade ocupadas na semana de referência com rendimento de trabalho, habitualmente recebido no trabalho principal",95253,Total
403,403,2,Grande Região,38,Reais,1944.0,2,Nordeste,201902,2º trimestre 2019,5932,"Rendimento médio mensal real das pessoas de 14 anos ou mais de idade ocupadas na semana de referência com rendimento de trabalho, habitualmente recebido no trabalho principal",95253,Total
409,409,2,Grande Região,38,Reais,1925.0,2,Nordeste,201903,3º trimestre 2019,5932,"Rendimento médio mensal real das pessoas de 14 anos ou mais de idade ocupadas na semana de referência com rendimento de trabalho, habitualmente recebido no trabalho principal",95253,Total
415,415,2,Grande Região,38,Reais,1947.0,2,Nordeste,201904,4º trimestre 2019,5932,"Rendimento médio mensal real das pessoas de 14 anos ou mais de idade ocupadas na semana de referência com rendimento de trabalho, habitualmente recebido no trabalho principal",95253,Total
421,421,2,Grande Região,38,Reais,1975.0,2,Nordeste,202001,1º trimestre 2020,5932,"Rendimento médio mensal real das pessoas de 14 anos ou mais de idade ocupadas na semana de referência com rendimento de trabalho, habitualmente recebido no trabalho principal",95253,Total
427,427,2,Grande Região,38,Reais,1779.0,2,Nordeste,202202,2º trimestre 2022,5932,"Rendimento médio mensal real das pessoas de 14 anos ou mais de idade ocupadas na semana de referência com rendimento de trabalho, habitualmente recebido no trabalho principal",95253,Total
433,433,2,Grande Região,38,Reais,1842.0,2,Nordeste,202203,3º trimestre 2022,5932,"Rendimento médio mensal real das pessoas de 14 anos ou mais de idade ocupadas na semana de referência com rendimento de trabalho, habitualmente recebido no trabalho principal",95253,Total
439,439,2,Grande Região,38,Reais,1871.0,2,Nordeste,202204,4º trimestre 2022,5932,"Rendimento médio mensal real das pessoas de 14 anos ou mais de idade ocupadas na semana de referência com rendimento de trabalho, habitualmente recebido no trabalho principal",95253,Total
445,445,2,Grande Região,38,Reais,1921.0,2,Nordeste,202301,1º trimestre 2023,5932,"Rendimento médio mensal real das pessoas de 14 anos ou mais de idade ocupadas na semana de referência com rendimento de trabalho, habitualmente recebido no trabalho principal",95253,Total
451,451,2,Grande Região,38,Reais,1914.0,2,Nordeste,202302,2º trimestre 2023,5932,"Rendimento médio mensal real das pessoas de 14 anos ou mais de idade ocupadas na semana de referência com rendimento de trabalho, habitualmente recebido no trabalho principal",95253,Total
457,457,2,Grande Região,38,Reais,3035.0,3,Sudeste,201201,1º trimestre 2012,5932,"Rendimento médio mensal real das pessoas de 14 anos ou mais de idade ocupadas na semana de referência com rendimento de trabalho, habitualmente recebido no trabalho principal",95253,Total
463,463,2,Grande Região,38,Reais,3054.0,3,Sudeste,201202,2º trimestre 2012,5932,"Rendimento médio mensal real das pessoas de 14 anos ou mais de idade ocupadas na semana de referência com rendimento de trabalho, habitualmente recebido no trabalho principal",95253,Total
469,469,2,Grande Região,38,Reais,3064.0,3,Sudeste,201203,3º trimestre 2012,5932,"Rendimento médio mensal real das pessoas de 14 anos ou mais de idade ocupadas na semana de referência com rendimento de trabalho, habitualmente recebido no trabalho principal",95253,Total
475,475,2,Grande Região,38,Reais,3049.0,3,Sudeste,201204,4º trimestre 2012,5932,"Rendimento médio mensal real das pessoas de 14 anos ou mais de idade ocupadas na semana de referência com rendimento de trabalho, habitualmente recebido no trabalho principal",95253,Total
481,481,2,Grande Região,38,Reais,3108.0,3,Sudeste,201301,1º trimestre 2013,5932,"Rendimento médio mensal real das pessoas de 14 anos ou mais de idade ocupadas na semana de referência com rendimento de trabalho, habitualmente recebido no trabalho principal",95253,Total
487,487,2,Grande Região,38,Reais,3140.0,3,Sudeste,201302,2º trimestre 2013,5932,"Rendimento médio mensal real das pessoas de 14 anos ou mais de idade ocupadas na semana de referência com rendimento de trabalho, habitualmente recebido no trabalho principal",95253,Total
493,493,2,Grande Região,38,Reais,3179.0,3,Sudeste,201303,3º trimestre 2013,5932,"Rendimento médio mensal real das pessoas de 14 anos ou mais de idade ocupadas na semana de referência com rendimento de trabalho, habitualmente recebido no trabalho principal",95253,Total
499,499,2,Grande Região,38,Reais,3149.0,3,Sudeste,201304,4º trimestre 2013,5932,"Rendimento médio mensal real das pessoas de 14 anos ou mais de idade ocupadas na semana de referência com rendimento de trabalho, habitualmente recebido no trabalho principal",95253,Total
505,505,2,Grande Região,38,Reais,3252.0,3,Sudeste,201401,1º trimestre 2014,5932,"Rendimento médio mensal real das pessoas de 14 anos ou mais de idade ocupadas na semana de referência com rendimento de trabalho, habitualmente recebido no trabalho principal",95253,Total
511,511,2,Grande Região,38,Reais,3231.0,3,Sudeste,201402,2º trimestre 2014,5932,"Rendimento médio mensal real das pessoas de 14 anos ou mais de idade ocupadas na semana de referência com rendimento de trabalho, habitualmente recebido no trabalho principal",95253,Total
517,517,2,Grande Região,38,Reais,3277.0,3,Sudeste,201403,3º trimestre 2014,5932,"Rendimento médio mensal real das pessoas de 14 anos ou mais de idade ocupadas na semana de referência com rendimento de trabalho, habitualmente recebido no trabalho principal",95253,Total
523,523,2,Grande Região,38,Reais,3254.0,3,Sudeste,201404,4º trimestre 2014,5932,"Rendimento médio mensal real das pessoas de 14 anos ou mais de idade ocupadas na semana de referência com rendimento de trabalho, habitualmente recebido no trabalho principal",95253,Total
529,529,2,Grande Região,38,Reais,3265.0,3,Sudeste,201501,1º trimestre 2015,5932,"Rendimento médio mensal real das pessoas de 14 anos ou mais de idade ocupadas na semana de referência com rendimento de trabalho, habitualmente recebido no trabalho principal",95253,Total
535,535,2,Grande Região,38,Reais,3283.0,3,Sudeste,201502,2º trimestre 2015,5932,"Rendimento médio mensal real das pessoas de 14 anos ou mais de idade ocupadas na semana de referência com rendimento de trabalho, habitualmente recebido no trabalho principal",95253,Total
541,541,2,Grande Região,38,Reais,3237.0,3,Sudeste,201503,3º trimestre 2015,5932,"Rendimento médio mensal real das pessoas de 14 anos ou mais de idade ocupadas na semana de referência com rendimento de trabalho, habitualmente recebido no trabalho principal",95253,Total
547,547,2,Grande Região,38,Reais,3207.0,3,Sudeste,201504,4º trimestre 2015,5932,"Rendimento médio mensal real das pessoas de 14 anos ou mais de idade ocupadas na semana de referência com rendimento de trabalho, habitualmente recebido no trabalho principal",95253,Total
553,553,2,Grande Região,38,Reais,3227.0,3,Sudeste,201601,1º trimestre 2016,5932,"Rendimento médio mensal real das pessoas de 14 anos ou mais de idade ocupadas na semana de referência com rendimento de trabalho, habitualmente recebido no trabalho principal",95253,Total
559,559,2,Grande Região,38,Reais,3158.0,3,Sudeste,201602,2º trimestre 2016,5932,"Rendimento médio mensal real das pessoas de 14 anos ou mais de idade ocupadas na semana de referência com rendimento de trabalho, habitualmente recebido no trabalho principal",95253,Total
565,565,2,Grande Região,38,Reais,3173.0,3,Sudeste,201603,3º trimestre 2016,5932,"Rendimento médio mensal real das pessoas de 14 anos ou mais de idade ocupadas na semana de referência com rendimento de trabalho, habitualmente recebido no trabalho principal",95253,Total
571,571,2,Grande Região,38,Reais,3184.0,3,Sudeste,201604,4º trimestre 2016,5932,"Rendimento médio mensal real das pessoas de 14 anos ou mais de idade ocupadas na semana de referência com rendimento de trabalho, habitualmente recebido no trabalho principal",95253,Total
577,577,2,Grande Região,38,Reais,3202.0,3,Sudeste,201701,1º trimestre 2017,5932,"Rendimento médio mensal real das pessoas de 14 anos ou mais de idade ocupadas na semana de referência com rendimento de trabalho, habitualmente recebido no trabalho principal",95253,Total
583,583,2,Grande Região,38,Reais,3146.0,3,Sudeste,201702,2º trimestre 2017,5932,"Rendimento médio mensal real das pessoas de 14 anos ou mais de idade ocupadas na semana de referência com rendimento de trabalho, habitualmente recebido no trabalho principal",95253,Total
589,589,2,Grande Região,38,Reais,3168.0,3,Sudeste,201703,3º trimestre 2017,5932,"Rendimento médio mensal real das pessoas de 14 anos ou mais de idade ocupadas na semana de referência com rendimento de trabalho, habitualmente recebido no trabalho principal",95253,Total
595,595,2,Grande Região,38,Reais,3163.0,3,Sudeste,201704,4º trimestre 2017,5932,"Rendimento médio mensal real das pessoas de 14 anos ou mais de idade ocupadas na semana de referência com rendimento de trabalho, habitualmente recebido no trabalho principal",95253,Total
601,601,2,Grande Região,38,Reais,3202.0,3,Sudeste,201801,1º trimestre 2018,5932,"Rendimento médio mensal real das pessoas de 14 anos ou mais de idade ocupadas na semana de referência com rendimento de trabalho, habitualmente recebido no trabalho principal",95253,Total
607,607,2,Grande Região,38,Reais,3229.0,3,Sudeste,201802,2º trimestre 2018,5932,"Rendimento médio mensal real das pessoas de 14 anos ou mais de idade ocupadas na semana de referência com rendimento de trabalho, habitualmente recebido no trabalho principal",95253,Total
613,613,2,Grande Região,38,Reais,3218.0,3,Sudeste,201803,3º trimestre 2018,5932,"Rendimento médio mensal real das pessoas de 14 anos ou mais de idade ocupadas na semana de referência com rendimento de trabalho, habitualmente recebido no trabalho principal",95253,Total
619,619,2,Grande Região,38,Reais,3227.0,3,Sudeste,201804,4º trimestre 2018,5932,"Rendimento médio mensal real das pessoas de 14 anos ou mais de idade ocupadas na semana de referência com rendimento de trabalho, habitualmente recebido no trabalho principal",95253,Total
625,625,2,Grande Região,38,Reais,3227.0,3,Sudeste,201901,1º trimestre 2019,5932,"Rendimento médio mensal real das pessoas de 14 anos ou mais de idade ocupadas na semana de referência com rendimento de trabalho, habitualmente recebido no trabalho principal",95253,Total
631,631,2,Grande Região,38,Reais,3199.0,3,Sudeste,201902,2º trimestre 2019,5932,"Rendimento médio mensal real das pessoas de 14 anos ou mais de idade ocupadas na semana de referência com rendimento de trabalho, habitualmente recebido no trabalho principal",95253,Total
637,637,2,Grande Região,38,Reais,3212.0,3,Sudeste,201903,3º trimestre 2019,5932,"Rendimento médio mensal real das pessoas de 14 anos ou mais de idade ocupadas na semana de referência com rendimento de trabalho, habitualmente recebido no trabalho principal",95253,Total
643,643,2,Grande Região,38,Reais,3234.0,3,Sudeste,201904,4º trimestre 2019,5932,"Rendimento médio mensal real das pessoas de 14 anos ou mais de idade ocupadas na semana de referência com rendimento de trabalho, habitualmente recebido no trabalho principal",95253,Total
649,649,2,Grande Região,38,Reais,3317.0,3,Sudeste,202001,1º trimestre 2020,5932,"Rendimento médio mensal real das pessoas de 14 anos ou mais de idade ocupadas na semana de referência com rendimento de trabalho, habitualmente recebido no trabalho principal",95253,Total
655,655,2,Grande Região,38,Reais,3040.0,3,Sudeste,202202,2º trimestre 2022,5932,"Rendimento médio mensal real das pessoas de 14 anos ou mais de idade ocupadas na semana de referência com rendimento de trabalho, habitualmente recebido no trabalho principal",95253,Total
661,661,2,Grande Região,38,Reais,3112.0,3,Sudeste,202203,3º trimestre 2022,5932,"Rendimento médio mensal real das pessoas de 14 anos ou mais de idade ocupadas na semana de referência com rendimento de trabalho, habitualmente recebido no trabalho principal",95253,Total
667,667,2,Grande Região,38,Reais,3188.0,3,Sudeste,202204,4º trimestre 2022,5932,"Rendimento médio mensal real das pessoas de 14 anos ou mais de idade ocupadas na semana de referência com rendimento de trabalho, habitualmente recebido no trabalho principal",95253,Total
673,673,2,Grande Região,38,Reais,3217.0,3,Sudeste,202301,1º trimestre 2023,5932,"Rendimento médio mensal real das pessoas de 14 anos ou mais de idade ocupadas na semana de referência com rendimento de trabalho, habitualmente recebido no trabalho principal",95253,Total
679,679,2,Grande Região,38,Reais,3205.0,3,Sudeste,202302,2º trimestre 2023,5932,"Rendimento médio mensal real das pessoas de 14 anos ou mais de idade ocupadas na semana de referência com rendimento de trabalho, habitualmente recebido no trabalho principal",95253,Total
685,685,2,Grande Região,38,Reais,2935.0,4,Sul,201201,1º trimestre 2012,5932,"Rendimento médio mensal real das pessoas de 14 anos ou mais de idade ocupadas na semana de referência com rendimento de trabalho, habitualmente recebido no trabalho principal",95253,Total
691,691,2,Grande Região,38,Reais,2896.0,4,Sul,201202,2º trimestre 2012,5932,"Rendimento médio mensal real das pessoas de 14 anos ou mais de idade ocupadas na semana de referência com rendimento de trabalho, habitualmente recebido no trabalho principal",95253,Total
697,697,2,Grande Região,38,Reais,2980.0,4,Sul,201203,3º trimestre 2012,5932,"Rendimento médio mensal real das pessoas de 14 anos ou mais de idade ocupadas na semana de referência com rendimento de trabalho, habitualmente recebido no trabalho principal",95253,Total
703,703,2,Grande Região,38,Reais,2962.0,4,Sul,201204,4º trimestre 2012,5932,"Rendimento médio mensal real das pessoas de 14 anos ou mais de idade ocupadas na semana de referência com rendimento de trabalho, habitualmente recebido no trabalho principal",95253,Total
709,709,2,Grande Região,38,Reais,3011.0,4,Sul,201301,1º trimestre 2013,5932,"Rendimento médio mensal real das pessoas de 14 anos ou mais de idade ocupadas na semana de referência com rendimento de trabalho, habitualmente recebido no trabalho principal",95253,Total
715,715,2,Grande Região,38,Reais,3018.0,4,Sul,201302,2º trimestre 2013,5932,"Rendimento médio mensal real das pessoas de 14 anos ou mais de idade ocupadas na semana de referência com rendimento de trabalho, habitualmente recebido no trabalho principal",95253,Total
721,721,2,Grande Região,38,Reais,3108.0,4,Sul,201303,3º trimestre 2013,5932,"Rendimento médio mensal real das pessoas de 14 anos ou mais de idade ocupadas na semana de referência com rendimento de trabalho, habitualmente recebido no trabalho principal",95253,Total
727,727,2,Grande Região,38,Reais,3104.0,4,Sul,201304,4º trimestre 2013,5932,"Rendimento médio mensal real das pessoas de 14 anos ou mais de idade ocupadas na semana de referência com rendimento de trabalho, habitualmente recebido no trabalho principal",95253,Total
733,733,2,Grande Região,38,Reais,3126.0,4,Sul,201401,1º trimestre 2014,5932,"Rendimento médio mensal real das pessoas de 14 anos ou mais de idade ocupadas na semana de referência com rendimento de trabalho, habitualmente recebido no trabalho principal",95253,Total
739,739,2,Grande Região,38,Reais,3070.0,4,Sul,201402,2º trimestre 2014,5932,"Rendimento médio mensal real das pessoas de 14 anos ou mais de idade ocupadas na semana de referência com rendimento de trabalho, habitualmente recebido no trabalho principal",95253,Total
745,745,2,Grande Região,38,Reais,3091.0,4,Sul,201403,3º trimestre 2014,5932,"Rendimento médio mensal real das pessoas de 14 anos ou mais de idade ocupadas na semana de referência com rendimento de trabalho, habitualmente recebido no trabalho principal",95253,Total
751,751,2,Grande Região,38,Reais,3138.0,4,Sul,201404,4º trimestre 2014,5932,"Rendimento médio mensal real das pessoas de 14 anos ou mais de idade ocupadas na semana de referência com rendimento de trabalho, habitualmente recebido no trabalho principal",95253,Total
757,757,2,Grande Região,38,Reais,3119.0,4,Sul,201501,1º trimestre 2015,5932,"Rendimento médio mensal real das pessoas de 14 anos ou mais de idade ocupadas na semana de referência com rendimento de trabalho, habitualmente recebido no trabalho principal",95253,Total
763,763,2,Grande Região,38,Reais,3045.0,4,Sul,201502,2º trimestre 2015,5932,"Rendimento médio mensal real das pessoas de 14 anos ou mais de idade ocupadas na semana de referência com rendimento de trabalho, habitualmente recebido no trabalho principal",95253,Total
769,769,2,Grande Região,38,Reais,3020.0,4,Sul,201503,3º trimestre 2015,5932,"Rendimento médio mensal real das pessoas de 14 anos ou mais de idade ocupadas na semana de referência com rendimento de trabalho, habitualmente recebido no trabalho principal",95253,Total
775,775,2,Grande Região,38,Reais,2974.0,4,Sul,201504,4º trimestre 2015,5932,"Rendimento médio mensal real das pessoas de 14 anos ou mais de idade ocupadas na semana de referência com rendimento de trabalho, habitualmente recebido no trabalho principal",95253,Total
781,781,2,Grande Região,38,Reais,2931.0,4,Sul,201601,1º trimestre 2016,5932,"Rendimento médio mensal real das pessoas de 14 anos ou mais de idade ocupadas na semana de referência com rendimento de trabalho, habitualmente recebido no trabalho principal",95253,Total
787,787,2,Grande Região,38,Reais,2924.0,4,Sul,201602,2º trimestre 2016,5932,"Rendimento médio mensal real das pessoas de 14 anos ou mais de idade ocupadas na semana de referência com rendimento de trabalho, habitualmente recebido no trabalho principal",95253,Total
793,793,2,Grande Região,38,Reais,3001.0,4,Sul,201603,3º trimestre 2016,5932,"Rendimento médio mensal real das pessoas de 14 anos ou mais de idade ocupadas na semana de referência com rendimento de trabalho, habitualmente recebido no trabalho principal",95253,Total
799,799,2,Grande Região,38,Reais,3033.0,4,Sul,201604,4º trimestre 2016,5932,"Rendimento médio mensal real das pessoas de 14 anos ou mais de idade ocupadas na semana de referência com rendimento de trabalho, habitualmente recebido no trabalho principal",95253,Total
805,805,2,Grande Região,38,Reais,3060.0,4,Sul,201701,1º trimestre 2017,5932,"Rendimento médio mensal real das pessoas de 14 anos ou mais de idade ocupadas na semana de referência com rendimento de trabalho, habitualmente recebido no trabalho principal",95253,Total
811,811,2,Grande Região,38,Reais,3023.0,4,Sul,201702,2º trimestre 2017,5932,"Rendimento médio mensal real das pessoas de 14 anos ou mais de idade ocupadas na semana de referência com rendimento de trabalho, habitualmente recebido no trabalho principal",95253,Total
817,817,2,Grande Região,38,Reais,3051.0,4,Sul,201703,3º trimestre 2017,5932,"Rendimento médio mensal real das pessoas de 14 anos ou mais de idade ocupadas na semana de referência com rendimento de trabalho, habitualmente recebido no trabalho principal",95253,Total
823,823,2,Grande Região,38,Reais,3067.0,4,Sul,201704,4º trimestre 2017,5932,"Rendimento médio mensal real das pessoas de 14 anos ou mais de idade ocupadas na semana de referência com rendimento de trabalho, habitualmente recebido no trabalho principal",95253,Total
829,829,2,Grande Região,38,Reais,3054.0,4,Sul,201801,1º trimestre 2018,5932,"Rendimento médio mensal real das pessoas de 14 anos ou mais de idade ocupadas na semana de referência com rendimento de trabalho, habitualmente recebido no trabalho principal",95253,Total
835,835,2,Grande Região,38,Reais,3039.0,4,Sul,201802,2º trimestre 2018,5932,"Rendimento médio mensal real das pessoas de 14 anos ou mais de idade ocupadas na semana de referência com rendimento de trabalho, habitualmente recebido no trabalho principal",95253,Total
841,841,2,Grande Região,38,Reais,3044.0,4,Sul,201803,3º trimestre 2018,5932,"Rendimento médio mensal real das pessoas de 14 anos ou mais de idade ocupadas na semana de referência com rendimento de trabalho, habitualmente recebido no trabalho principal",95253,Total
847,847,2,Grande Região,38,Reais,3100.0,4,Sul,201804,4º trimestre 2018,5932,"Rendimento médio mensal real das pessoas de 14 anos ou mais de idade ocupadas na semana de referência com rendimento de trabalho, habitualmente recebido no trabalho principal",95253,Total
853,853,2,Grande Região,38,Reais,3158.0,4,Sul,201901,1º trimestre 2019,5932,"Rendimento médio mensal real das pessoas de 14 anos ou mais de idade ocupadas na semana de referência com rendimento de trabalho, habitualmente recebido no trabalho principal",95253,Total
859,859,2,Grande Região,38,Reais,3089.0,4,Sul,201902,2º trimestre 2019,5932,"Rendimento médio mensal real das pessoas de 14 anos ou mais de idade ocupadas na semana de referência com rendimento de trabalho, habitualmente recebido no trabalho principal",95253,Total
865,865,2,Grande Região,38,Reais,3123.0,4,Sul,201903,3º trimestre 2019,5932,"Rendimento médio mensal real das pessoas de 14 anos ou mais de idade ocupadas na semana de referência com rendimento de trabalho, habitualmente recebido no trabalho principal",95253,Total
871,871,2,Grande Região,38,Reais,3136.0,4,Sul,201904,4º trimestre 2019,5932,"Rendimento médio mensal real das pessoas de 14 anos ou mais de idade ocupadas na semana de referência com rendimento de trabalho, habitualmente recebido no trabalho principal",95253,Total
877,877,2,Grande Região,38,Reais,3118.0,4,Sul,202001,1º trimestre 2020,5932,"Rendimento médio mensal real das pessoas de 14 anos ou mais de idade ocupadas na semana de referência com rendimento de trabalho, habitualmente recebido no trabalho principal",95253,Total
883,883,2,Grande Região,38,Reais,2959.0,4,Sul,202202,2º trimestre 2022,5932,"Rendimento médio mensal real das pessoas de 14 anos ou mais de idade ocupadas na semana de referência com rendimento de trabalho, habitualmente recebido no trabalho principal",95253,Total
889,889,2,Grande Região,38,Reais,3104.0,4,Sul,202203,3º trimestre 2022,5932,"Rendimento médio mensal real das pessoas de 14 anos ou mais de idade ocupadas na semana de referência com rendimento de trabalho, habitualmente recebido no trabalho principal",95253,Total
895,895,2,Grande Região,38,Reais,3147.0,4,Sul,202204,4º trimestre 2022,5932,"Rendimento médio mensal real das pessoas de 14 anos ou mais de idade ocupadas na semana de referência com rendimento de trabalho, habitualmente recebido no trabalho principal",95253,Total
901,901,2,Grande Região,38,Reais,3114.0,4,Sul,202301,1º trimestre 2023,5932,"Rendimento médio mensal real das pessoas de 14 anos ou mais de idade ocupadas na semana de referência com rendimento de trabalho, habitualmente recebido no trabalho principal",95253,Total
907,907,2,Grande Região,38,Reais,3108.0,4,Sul,202302,2º trimestre 2023,5932,"Rendimento médio mensal real das pessoas de 14 anos ou mais de idade ocupadas na semana de referência com rendimento de trabalho, habitualmente recebido no trabalho principal",95253,Total
913,913,2,Grande Região,38,Reais,3178.0,5,Centro-Oeste,201201,1º trimestre 2012,5932,"Rendimento médio mensal real das pessoas de 14 anos ou mais de idade ocupadas na semana de referência com rendimento de trabalho, habitualmente recebido no trabalho principal",95253,Total
919,919,2,Grande Região,38,Reais,3121.0,5,Centro-Oeste,201202,2º trimestre 2012,5932,"Rendimento médio mensal real das pessoas de 14 anos ou mais de idade ocupadas na semana de referência com rendimento de trabalho, habitualmente recebido no trabalho principal",95253,Total
925,925,2,Grande Região,38,Reais,3150.0,5,Centro-Oeste,201203,3º trimestre 2012,5932,"Rendimento médio mensal real das pessoas de 14 anos ou mais de idade ocupadas na semana de referência com rendimento de trabalho, habitualmente recebido no trabalho principal",95253,Total
931,931,2,Grande Região,38,Reais,3165.0,5,Centro-Oeste,201204,4º trimestre 2012,5932,"Rendimento médio mensal real das pessoas de 14 anos ou mais de idade ocupadas na semana de referência com rendimento de trabalho, habitualmente recebido no trabalho principal",95253,Total
937,937,2,Grande Região,38,Reais,3175.0,5,Centro-Oeste,201301,1º trimestre 2013,5932,"Rendimento médio mensal real das pessoas de 14 anos ou mais de idade ocupadas na semana de referência com rendimento de trabalho, habitualmente recebido no trabalho principal",95253,Total
943,943,2,Grande Região,38,Reais,3229.0,5,Centro-Oeste,201302,2º trimestre 2013,5932,"Rendimento médio mensal real das pessoas de 14 anos ou mais de idade ocupadas na semana de referência com rendimento de trabalho, habitualmente recebido no trabalho principal",95253,Total
949,949,2,Grande Região,38,Reais,3235.0,5,Centro-Oeste,201303,3º trimestre 2013,5932,"Rendimento médio mensal real das pessoas de 14 anos ou mais de idade ocupadas na semana de referência com rendimento de trabalho, habitualmente recebido no trabalho principal",95253,Total
955,955,2,Grande Região,38,Reais,3271.0,5,Centro-Oeste,201304,4º trimestre 2013,5932,"Rendimento médio mensal real das pessoas de 14 anos ou mais de idade ocupadas na semana de referência com rendimento de trabalho, habitualmente recebido no trabalho principal",95253,Total
961,961,2,Grande Região,38,Reais,3164.0,5,Centro-Oeste,201401,1º trimestre 2014,5932,"Rendimento médio mensal real das pessoas de 14 anos ou mais de idade ocupadas na semana de referência com rendimento de trabalho, habitualmente recebido no trabalho principal",95253,Total
967,967,2,Grande Região,38,Reais,3175.0,5,Centro-Oeste,201402,2º trimestre 2014,5932,"Rendimento médio mensal real das pessoas de 14 anos ou mais de idade ocupadas na semana de referência com rendimento de trabalho, habitualmente recebido no trabalho principal",95253,Total
973,973,2,Grande Região,38,Reais,3192.0,5,Centro-Oeste,201403,3º trimestre 2014,5932,"Rendimento médio mensal real das pessoas de 14 anos ou mais de idade ocupadas na semana de referência com rendimento de trabalho, habitualmente recebido no trabalho principal",95253,Total
979,979,2,Grande Região,38,Reais,3198.0,5,Centro-Oeste,201404,4º trimestre 2014,5932,"Rendimento médio mensal real das pessoas de 14 anos ou mais de idade ocupadas na semana de referência com rendimento de trabalho, habitualmente recebido no trabalho principal",95253,Total
985,985,2,Grande Região,38,Reais,3176.0,5,Centro-Oeste,201501,1º trimestre 2015,5932,"Rendimento médio mensal real das pessoas de 14 anos ou mais de idade ocupadas na semana de referência com rendimento de trabalho, habitualmente recebido no trabalho principal",95253,Total
991,991,2,Grande Região,38,Reais,3161.0,5,Centro-Oeste,201502,2º trimestre 2015,5932,"Rendimento médio mensal real das pessoas de 14 anos ou mais de idade ocupadas na semana de referência com rendimento de trabalho, habitualmente recebido no trabalho principal",95253,Total
997,997,2,Grande Região,38,Reais,3119.0,5,Centro-Oeste,201503,3º trimestre 2015,5932,"Rendimento médio mensal real das pessoas de 14 anos ou mais de idade ocupadas na semana de referência com rendimento de trabalho, habitualmente recebido no trabalho principal",95253,Total
1003,1003,2,Grande Região,38,Reais,3076.0,5,Centro-Oeste,201504,4º trimestre 2015,5932,"Rendimento médio mensal real das pessoas de 14 anos ou mais de idade ocupadas na semana de referência com rendimento de trabalho, habitualmente recebido no trabalho principal",95253,Total
1009,1009,2,Grande Região,38,Reais,3063.0,5,Centro-Oeste,201601,1º trimestre 2016,5932,"Rendimento médio mensal real das pessoas de 14 anos ou mais de idade ocupadas na semana de referência com rendimento de trabalho, habitualmente recebido no trabalho principal",95253,Total
1015,1015,2,Grande Região,38,Reais,3044.0,5,Centro-Oeste,201602,2º trimestre 2016,5932,"Rendimento médio mensal real das pessoas de 14 anos ou mais de idade ocupadas na semana de referência com rendimento de trabalho, habitualmente recebido no trabalho principal",95253,Total
1021,1021,2,Grande Região,38,Reais,3097.0,5,Centro-Oeste,201603,3º trimestre 2016,5932,"Rendimento médio mensal real das pessoas de 14 anos ou mais de idade ocupadas na semana de referência com rendimento de trabalho, habitualmente recebido no trabalho principal",95253,Total
1027,1027,2,Grande Região,38,Reais,3085.0,5,Centro-Oeste,201604,4º trimestre 2016,5932,"Rendimento médio mensal real das pessoas de 14 anos ou mais de idade ocupadas na semana de referência com rendimento de trabalho, habitualmente recebido no trabalho principal",95253,Total
1033,1033,2,Grande Região,38,Reais,3121.0,5,Centro-Oeste,201701,1º trimestre 2017,5932,"Rendimento médio mensal real das pessoas de 14 anos ou mais de idade ocupadas na semana de referência com rendimento de trabalho, habitualmente recebido no trabalho principal",95253,Total
1039,1039,2,Grande Região,38,Reais,3118.0,5,Centro-Oeste,201702,2º trimestre 2017,5932,"Rendimento médio mensal real das pessoas de 14 anos ou mais de idade ocupadas na semana de referência com rendimento de trabalho, habitualmente recebido no trabalho principal",95253,Total
1045,1045,2,Grande Região,38,Reais,3124.0,5,Centro-Oeste,201703,3º trimestre 2017,5932,"Rendimento médio mensal real das pessoas de 14 anos ou mais de idade ocupadas na semana de referência com rendimento de trabalho, habitualmente recebido no trabalho principal",95253,Total
1051,1051,2,Grande Região,38,Reais,3171.0,5,Centro-Oeste,201704,4º trimestre 2017,5932,"Rendimento médio mensal real das pessoas de 14 anos ou mais de idade ocupadas na semana de referência com rendimento de trabalho, habitualmente recebido no trabalho principal",95253,Total
1057,1057,2,Grande Região,38,Reais,3222.0,5,Centro-Oeste,201801,1º trimestre 2018,5932,"Rendimento médio mensal real das pessoas de 14 anos ou mais de idade ocupadas na semana de referência com rendimento de trabalho, habitualmente recebido no trabalho principal",95253,Total
1063,1063,2,Grande Região,38,Reais,3150.0,5,Centro-Oeste,201802,2º trimestre 2018,5932,"Rendimento médio mensal real das pessoas de 14 anos ou mais de idade ocupadas na semana de referência com rendimento de trabalho, habitualmente recebido no trabalho principal",95253,Total
1069,1069,2,Grande Região,38,Reais,3146.0,5,Centro-Oeste,201803,3º trimestre 2018,5932,"Rendimento médio mensal real das pessoas de 14 anos ou mais de idade ocupadas na semana de referência com rendimento de trabalho, habitualmente recebido no trabalho principal",95253,Total
1075,1075,2,Grande Região,38,Reais,3186.0,5,Centro-Oeste,201804,4º trimestre 2018,5932,"Rendimento médio mensal real das pessoas de 14 anos ou mais de idade ocupadas na semana de referência com rendimento de trabalho, habitualmente recebido no trabalho principal",95253,Total
1081,1081,2,Grande Região,38,Reais,3224.0,5,Centro-Oeste,201901,1º trimestre 2019,5932,"Rendimento médio mensal real das pessoas de 14 anos ou mais de idade ocupadas na semana de referência com rendimento de trabalho, habitualmente recebido no trabalho principal",95253,Total
1087,1087,2,Grande Região,38,Reais,3120.0,5,Centro-Oeste,201902,2º trimestre 2019,5932,"Rendimento médio mensal real das pessoas de 14 anos ou mais de idade ocupadas na semana de referência com rendimento de trabalho, habitualmente recebido no trabalho principal",95253,Total
1093,1093,2,Grande Região,38,Reais,3070.0,5,Centro-Oeste,201903,3º trimestre 2019,5932,"Rendimento médio mensal real das pessoas de 14 anos ou mais de idade ocupadas na semana de referência com rendimento de trabalho, habitualmente recebido no trabalho principal",95253,Total
1099,1099,2,Grande Região,38,Reais,3121.0,5,Centro-Oeste,201904,4º trimestre 2019,5932,"Rendimento médio mensal real das pessoas de 14 anos ou mais de idade ocupadas na semana de referência com rendimento de trabalho, habitualmente recebido no trabalho principal",95253,Total
1105,1105,2,Grande Região,38,Reais,3120.0,5,Centro-Oeste,202001,1º trimestre 2020,5932,"Rendimento médio mensal real das pessoas de 14 anos ou mais de idade ocupadas na semana de referência com rendimento de trabalho, habitualmente recebido no trabalho principal",95253,Total
1111,1111,2,Grande Região,38,Reais,3024.0,5,Centro-Oeste,202202,2º trimestre 2022,5932,"Rendimento médio mensal real das pessoas de 14 anos ou mais de idade ocupadas na semana de referência com rendimento de trabalho, habitualmente recebido no trabalho principal",95253,Total
1117,1117,2,Grande Região,38,Reais,3232.0,5,Centro-Oeste,202203,3º trimestre 2022,5932,"Rendimento médio mensal real das pessoas de 14 anos ou mais de idade ocupadas na semana de referência com rendimento de trabalho, habitualmente recebido no trabalho principal",95253,Total
1123,1123,2,Grande Região,38,Reais,3310.0,5,Centro-Oeste,202204,4º trimestre 2022,5932,"Rendimento médio mensal real das pessoas de 14 anos ou mais de idade ocupadas na semana de referência com rendimento de trabalho, habitualmente recebido no trabalho principal",95253,Total
1129,1129,2,Grande Região,38,Reais,3298.0,5,Centro-Oeste,202301,1º trimestre 2023,5932,"Rendimento médio mensal real das pessoas de 14 anos ou mais de idade ocupadas na semana de referência com rendimento de trabalho, habitualmente recebido no trabalho principal",95253,Total
1135,1135,2,Grande Região,38,Reais,3309.0,5,Centro-Oeste,202302,2º trimestre 2023,5932,"Rendimento médio mensal real das pessoas de 14 anos ou mais de idade ocupadas na semana de referência com rendimento de trabalho, habitualmente recebido no trabalho principal",95253,Total
